host_unix,host_time,seq,up_ms,temp_c,press_hpa,alt_baro_m,alt_fused_m,vel_m_s,az_m_s2,lax_m_s2,lay_m_s2,laz_m_s2,gx_m_s2,gy_m_s2,gz_m_s2,heading,roll,pitch,calib,vstate,elev,servo_deg
1782883803.587193,14:30:03.587,9102,93.928,24.83,1010.28,0.47,0.478,-0.25,-0.017,-30.298,0.025,-1.119,0.564,-18.431,2.571,458.24,-235.43,3.94,0,214,1,0.0
1782883803.587227,14:30:03.587,9103,94.404,0.0,42949670.46,-0.031,1673.638,37026.721,336312.321,-19.712,-23.543,0.394,-10.752,0.001,-9.984,0.01,15.36,-0.01,255,239,255,-0.01
1782883803.587240,14:30:03.587,9104,129.166,0.25,370267.21,504084.481,-1559645.44,754975.114,-318767.102,0.001,-2.048,0.0,-6.656,-0.001,-22.785,65.37,-243.2,135.63,0,1,26,102.48
1782883803.587452,14:30:03.587,9107,93.978,24.83,1010.27,0.557,0.498,0.248,-0.034,-30.298,0.038,-1.119,0.052,17.153,2.571,458.24,-237.99,3.94,0,45,2,0.0
1782883803.587463,14:30:03.587,9108,94.478,0.0,2.48,0.017,2525.606,3472.289,336280.321,-19.712,-23.799,0.394,11.52,0.002,-2.304,0.01,-20.48,0.0,0,13,0,0.0
1782883803.587471,14:30:03.587,9109,129.216,0.38,34722.89,504050.689,-1542868.224,-704642.678,-301989.887,0.001,2.816,-0.001,-7.169,-0.001,-22.785,98.65,-243.2,135.63,0,1,184,102.51
1782883803.691639,14:30:03.691,9112,94.028,24.83,1010.28,0.47,0.489,-0.246,-0.021,-30.298,0.038,-1.119,0.052,-18.431,2.571,458.24,-235.43,3.94,0,214,1,0.0
1782883803.691680,14:30:03.691,9113,94.514,0.0,42949670.5,-0.04,2525.606,3472.289,336312.321,-19.712,-23.543,0.394,-10.752,0.001,-7.168,0.01,25.6,-0.01,255,253,255,-0.01
1782883803.691693,14:30:03.691,9114,129.266,0.38,34722.89,504084.481,-1542868.224,-704642.678,-553648.127,0.001,18.176,-0.001,-3.585,-0.001,-22.785,98.65,-243.2,135.63,0,1,184,102.51
1782883803.691930,14:30:03.691,9117,94.078,24.83,1010.28,0.47,0.475,-0.186,-0.026,-30.298,0.038,-1.119,0.052,-18.431,2.571,458.24,-235.43,3.94,0,214,1,0.0
1782883803.691941,14:30:03.691,9118,94.551,0.0,42949671.1,-0.005,2525.606,3472.289,302757.889,-19.712,-23.543,0.394,-10.752,0.001,-9.984,0.01,179.2,-0.01,255,251,255,-0.01
1782883803.691950,14:30:03.691,9119,129.316,0.38,34722.89,504084.481,-1542868.224,-704642.678,-704643.071,0.001,29.696,-0.001,-4.097,-0.001,-22.785,98.65,-243.2,135.63,0,1,184,102.51
1782883803.796772,14:30:03.796,9122,94.128,24.83,1010.28,0.47,0.467,-0.14,0.001,-30.298,0.038,-1.119,0.052,-18.431,2.571,458.24,-235.43,3.94,0,214,1,0.0
1782883803.796808,14:30:03.796,9123,94.594,0.0,42949671.56,-0.026,2525.606,3472.289,336312.321,-19.712,-23.543,0.394,-10.752,0.001,-12.288,0.01,294.4,-0.01,255,218,255,-0.01
1782883803.796823,14:30:03.796,9124,129.366,0.38,34722.89,504084.481,-1559645.44,754975.114,-436207.614,0.001,14.848,0.001,-3.84,-0.001,-22.785,98.65,-243.2,135.63,1,1,175,102.47
1782883803.797127,14:30:03.797,9127,94.178,24.83,1010.27,0.557,0.492,0.314,0.011,-30.298,0.038,-1.119,0.308,12.801,2.827,458.24,-237.99,3.94,0,45,2,0.0
1782883803.797142,14:30:03.797,9128,94.674,0.0,3.14,-0.007,2525.606,20249.505,336275.457,-19.712,-23.799,0.394,11.52,0.002,-3.328,0.01,148.48,0.01,0,249,255,-0.01
1782883803.797152,14:30:03.797,9129,129.416,0.38,202495.05,504045.569,-1559645.44,754975.114,16777.218,0.002,-5.376,0.0,1.28,0.0,-23.04,98.65,-243.2,135.63,1,1,243,97.36
1782883803.797163,14:30:03.797,9130,140.002,-237.99,7549751.14,16777.218,-352321.534,83886.08,-1509949.44,9.865,-24.32,13.563,0.257,2.961,0.048,24.83,-300.45,0.01,45,2,0,2.56
1782883803.902744,14:30:03.902,9133,94.239,24.83,1010.27,0.557,0.52,0.235,0.0,-30.298,0.038,-1.119,0.308,24.321,1.802,458.24,-237.99,3.94,0,45,2,0.0
1782883803.902786,14:30:03.902,9134,94.759,0.0,2.35,0.0,2525.606,20249.505,319519.745,-19.968,-23.799,0.394,11.52,0.002,4.864,0.02,-204.8,0.0,0,0,0,0.0
1782883803.902804,14:30:03.902,9135,129.477,0.38,202495.05,487170.561,-1559645.696,754975.114,352321.538,0.002,-20.48,0.0,0.0,0.0,-23.04,98.65,-243.2,135.63,1,1,254,99.94
1782883803.903162,14:30:03.903,9138,94.288,24.82,1010.27,0.557,0.536,0.176,0.0,-30.298,0.038,-1.119,0.308,-3.327,2.57,455.68,-237.99,3.94,0,45,2,0.0
1782883803.903177,14:30:03.903,9139,94.826,0.0,1.76,-0.001,2525.606,20249.505,302706.177,-19.968,-23.543,0.394,-10.752,0.001,3.072,0.02,-69.12,-0.02,255,255,255,-0.01
1782883803.903188,14:30:03.903,9140,129.526,0.38,34722.89,504084.481,-1542868.48,-704642.678,100663.297,0.002,-6.912,-0.002,0.255,0.0,-23.04,98.65,-243.2,135.63,0,1,184,102.51
1782883803.903199,14:30:03.903,9141,139.856,-235.43,35903246.18,67108.865,-452984.83,16777.214,-1509949.44,9.865,-24.32,13.563,0.256,3.0,0.048,24.82,-300.44,0.01,214,1,0,10.24
1782883804.008786,14:30:04.008,9144,94.348,24.82,1010.28,0.47,0.51,-0.284,-0.017,-30.298,0.038,-1.119,0.052,-18.431,2.571,455.68,-235.43,3.94,0,214,1,0.0
1782883804.008834,14:30:04.008,9145,94.848,0.0,42949670.83,0.0,2525.606,3472.289,336312.321,-19.968,-23.543,0.394,-10.752,0.001,-3.584,0.01,110.08,-0.01,255,0,0,0.0
1782883804.008849,14:30:04.008,9146,129.586,0.38,34722.89,504084.481,-1542868.48,-704642.678,-268435.455,0.001,11.008,-0.001,0.255,0.0,-23.04,98.65,-243.2,135.63,0,1,184,102.51
1782883804.009184,14:30:04.009,9149,94.398,24.82,1010.28,0.47,0.491,-0.213,0.003,-30.298,0.038,-1.119,0.052,-18.431,2.571,455.68,-235.43,3.94,0,214,1,0.0
1782883804.009201,14:30:04.009,9150,94.883,0.0,42949671.36,0.0,2525.606,3472.289,336312.321,-19.968,-23.543,0.394,-10.752,0.001,-7.168,0.01,245.76,-0.01,255,0,0,0.0
1782883804.009211,14:30:04.009,9151,129.636,0.38,34722.89,504084.481,-1542868.48,-704642.678,-503316.479,0.001,24.576,-0.001,0.255,0.0,-23.04,98.65,-243.2,135.63,0,1,184,97.39
1782883804.009222,14:30:04.009,9152,139.966,-235.43,35903246.18,-503316.479,1610612.737,16777.215,-1509949.44,9.865,-24.32,13.563,0.256,3.0,0.05,24.82,-300.44,0.01,214,1,0,-84.48
1782883804.114488,14:30:04.114,9155,94.458,24.82,1010.28,0.47,0.476,-0.12,0.0,-30.298,0.038,-1.119,0.052,-18.431,2.059,455.68,-235.43,3.94,0,214,1,0.0
1782883804.114530,14:30:04.114,9156,94.934,0.0,42949671.76,0.0,2525.606,3472.289,336312.321,-19.968,-23.543,0.394,-10.752,0.001,-9.728,0.01,-307.2,-0.01,255,0,0,0.0
1782883804.114547,14:30:04.114,9157,129.696,0.38,34722.89,504084.481,-1542868.48,-704642.678,-671088.639,0.001,-30.72,-0.001,0.255,0.0,-23.04,98.65,-243.2,135.63,0,1,184,99.95
1782883804.114559,14:30:04.114,9158,140.026,-235.43,35903246.18,-687865.855,-2013265.919,-268435.457,-1493172.225,9.865,-24.32,13.563,0.256,3.0,0.05,24.82,-300.44,0.01,214,1,0,-107.52
1782883804.114852,14:30:04.114,9161,94.518,24.82,1010.28,0.47,0.469,-0.09,0.0,-30.298,0.038,-1.119,0.052,-18.431,2.059,455.68,-235.43,3.94,0,214,1,0.0
1782883804.114866,14:30:04.114,9162,94.987,0.0,42949672.06,0.0,2525.606,3472.289,353089.537,-19.968,-23.543,0.394,-10.752,0.001,-11.52,0.01,-230.4,-0.01,255,0,0,0.0
1782883804.114877,14:30:04.114,9163,129.756,0.38,34722.89,504084.481,-1542868.48,-704642.678,-754974.719,0.001,-23.04,-0.001,-5.633,-0.001,-22.785,98.65,-243.2,135.63,0,1,184,105.07
1782883804.221122,14:30:04.221,9166,94.569,24.82,1010.28,0.47,0.466,-0.068,0.0,-30.298,0.038,-1.119,0.052,-18.431,2.571,455.68,-235.43,3.94,0,214,1,0.0
1782883804.221155,14:30:04.221,9167,95.034,0.0,42949672.28,0.0,2525.606,3472.289,285980.673,-19.968,-23.543,0.394,-10.752,0.001,-12.032,0.01,-174.08,-0.01,255,0,0,0.0
1782883804.221167,14:30:04.221,9168,129.807,0.38,34722.89,470530.049,-1542868.48,-704642.678,-805306.367,0.001,-17.664,-0.001,-14.081,-0.001,-22.785,98.65,-243.2,135.63,0,1,184,94.83
1782883804.221179,14:30:04.221,9169,140.137,-235.43,35903246.18,-788529.151,-855638.015,-922746.881,-1493172.225,9.865,-24.32,13.563,0.256,3.0,0.05,24.82,-300.44,0.01,214,1,0,-122.88
1782883804.221501,14:30:04.221,9172,94.629,24.82,1010.28,0.47,0.463,-0.051,0.0,-30.298,0.038,-1.119,0.052,-18.431,1.803,455.68,-235.43,3.94,0,214,1,0.0
1782883804.221516,14:30:04.221,9173,95.092,0.0,42949672.45,0.0,2525.606,3472.289,319535.105,-19.968,-23.543,0.394,-10.752,0.001,-12.544,0.01,-133.12,-0.01,255,243,255,-0.01
1782883804.221527,14:30:04.221,9174,129.867,0.38,34722.89,504084.481,-1542868.48,-704642.678,-805306.367,0.001,-9.984,-0.001,0.255,0.0,-23.04,98.65,-243.2,135.63,0,1,184,99.95
1782883804.221538,14:30:04.221,9175,140.197,-235.43,35903246.18,-822083.583,-654311.423,16777.215,-1509949.44,9.865,-24.32,13.563,0.256,3.0,0.05,24.82,-300.44,0.01,214,1,0,-125.44
1782883804.328094,14:30:04.328,9178,94.688,24.82,1010.28,0.47,0.462,-0.039,0.0,-30.298,0.038,-1.119,0.052,-18.431,2.315,455.68,-235.43,3.94,0,214,1,0.0
1782883804.328346,14:30:04.328,9179,95.15,0.0,42949672.57,-0.015,2525.606,3472.289,336312.321,-19.968,-23.543,0.394,-10.752,0.001,-12.544,0.01,-74.24,-0.01,255,0,0,0.0
1782883804.328408,14:30:04.328,9180,129.926,0.38,34722.89,504084.481,-1542868.48,-704642.678,-822083.583,0.001,-7.424,-0.001,0.255,0.0,-23.04,98.65,-243.2,135.63,0,1,184,102.51
1782883804.328425,14:30:04.328,9181,140.256,-235.43,35903246.18,-822083.583,-486539.263,16777.215,-1509949.44,9.865,-24.32,13.563,0.256,3.0,0.05,24.82,-300.44,0.01,214,1,0,-128.0
1782883804.434845,14:30:04.434,9184,94.747,24.82,1010.28,0.47,0.462,-0.029,-0.005,-30.298,0.038,-1.119,0.052,-18.431,2.827,455.68,-235.43,3.94,0,214,1,0.0
1782883804.434887,14:30:04.434,9185,95.211,0.0,42949672.74,0.0,2525.606,3472.289,319535.105,-19.968,-23.543,0.394,-10.752,0.001,-12.288,0.01,-56.32,-0.01,255,0,0,0.0
1782883804.434905,14:30:04.434,9186,129.985,0.38,34722.89,520861.697,-1542868.48,-704642.678,-822083.583,0.001,-5.632,-0.001,0.255,0.0,-23.04,98.65,-243.2,135.63,0,1,184,105.07
1782883804.434920,14:30:04.434,9187,140.315,-235.43,35903246.18,-822083.583,-369098.751,16777.215,-1509949.44,9.865,-24.32,13.563,0.256,3.0,0.05,24.82,-300.44,0.01,214,1,0,-125.44
1782883804.435264,14:30:04.435,9190,94.81,24.82,1010.28,0.47,0.464,-0.017,-0.019,-30.298,0.038,-1.119,0.052,-18.431,2.059,455.68,-235.43,3.94,0,214,1,0.0
1782883804.435282,14:30:04.435,9191,95.274,0.0,42949672.79,0.0,2525.606,3472.289,302757.889,-19.968,-23.543,0.394,-10.752,0.001,-12.288,0.01,-43.52,-0.01,255,0,0,0.0
1782883804.435296,14:30:04.435,9192,130.048,0.38,34722.89,470530.049,-1542868.48,-704642.678,-822083.583,0.001,-4.352,-0.001,0.255,0.0,-23.04,98.65,-243.2,135.63,0,1,184,94.83
1782883804.435309,14:30:04.435,9193,140.378,-235.43,35903246.18,-822083.583,-285212.671,-301989.889,-1493172.225,9.865,-24.32,13.563,0.256,3.0,0.049,24.82,-300.44,0.01,214,1,0,-122.88
1782883804.542017,14:30:04.542,9196,94.867,24.82,1010.28,0.47,0.464,-0.013,-0.019,-30.298,0.038,-1.119,0.052,-18.431,2.827,455.68,-235.43,3.94,0,214,1,0.0
1782883804.542053,14:30:04.542,9197,95.331,0.0,42949672.83,0.0,2525.606,3472.289,369866.753,-19.968,-23.543,0.394,-10.752,0.001,-12.288,0.01,-33.28,-0.01,255,241,255,-0.01
1782883804.542065,14:30:04.542,9198,130.105,0.38,34722.89,504084.481,-1542868.48,-704642.678,-805306.367,0.001,-3.328,-0.001,-6.913,-0.001,-22.785,98.65,-243.2,135.63,0,1,184,105.07
1782883804.542076,14:30:04.542,9199,140.435,-235.43,35903246.18,-788529.151,-167772.159,16777.215,-1509949.44,9.865,-24.32,13.563,0.256,3.0,0.052,24.82,-300.44,0.01,214,1,0,-120.32
1782883804.542406,14:30:04.542,9202,94.929,24.82,1010.28,0.47,0.465,-0.01,-0.015,-30.298,0.038,-1.119,0.052,-18.431,2.571,455.68,-235.43,3.94,0,214,1,0.0
1782883804.542421,14:30:04.542,9203,95.394,0.0,42949672.85,-0.017,2525.606,3472.289,302757.889,-19.968,-23.543,0.394,-10.752,0.001,-12.032,0.01,-28.16,-0.01,255,200,255,-0.01
1782883804.542431,14:30:04.542,9204,130.167,0.38,34722.89,487307.265,-1542868.48,-704642.678,-771751.935,0.001,-2.048,-0.001,-3.073,-0.001,-22.785,98.65,-243.2,135.63,0,1,184,99.95
1782883804.542440,14:30:04.542,9205,140.497,-235.43,35903246.18,-771751.935,-150994.943,-301989.889,-1493172.225,9.865,-24.32,13.563,0.256,3.0,0.049,24.82,-300.44,0.01,214,1,0,-120.32
1782883804.648263,14:30:04.648,9208,94.988,24.82,1010.28,0.47,0.465,-0.008,0.018,-30.298,0.038,-1.119,0.052,-18.431,2.315,455.68,-235.43,3.94,0,214,1,0.0
1782883804.648301,14:30:04.648,9209,95.453,0.0,42949672.88,-0.003,2525.606,3472.289,336312.321,-19.968,-23.543,0.394,-10.752,0.001,-11.776,0.01,-15.36,-0.01,255,249,255,-0.01
1782883804.648316,14:30:04.648,9210,130.226,0.38,34722.89,504084.481,-1542868.48,-704642.678,-771751.935,0.001,-1.536,-0.001,-0.001,-0.001,-22.785,98.65,-243.2,135.63,0,1,184,102.51
1782883804.648329,14:30:04.648,9211,140.556,-235.43,35903246.18,-771751.935,-117440.511,-754974.721,-1493172.225,9.865,-24.32,13.563,0.256,3.0,0.05,24.82,-300.44,0.01,214,1,0,-117.76
1782883804.648634,14:30:04.648,9214,95.047,24.82,1010.28,0.47,0.466,-0.007,-0.015,-30.298,0.038,-1.119,0.052,-18.431,2.827,455.68,-235.43,3.94,0,214,1,0.0
1782883804.648648,14:30:04.648,9215,95.514,0.0,42949672.9,-0.011,2525.606,3472.289,353089.537,-19.968,-23.543,0.394,-10.752,0.001,-11.52,0.01,-15.36,-0.01,255,11,0,0.0
1782883804.648660,14:30:04.648,9216,130.285,0.38,34722.89,520861.697,-1542868.48,-704642.678,-754974.719,0.001,-1.536,-0.001,-1.537,-0.001,-22.785,98.65,-243.2,135.63,0,1,184,105.07
1782883804.648671,14:30:04.648,9217,140.615,-235.43,35903246.18,-771751.935,-100663.295,-402653.185,-1493172.225,9.865,-24.32,13.563,0.256,3.0,0.05,24.82,-300.44,0.01,214,1,0,-117.76
1782883804.754973,14:30:04.754,9220,95.107,24.82,1010.28,0.47,0.467,-0.005,-0.001,-30.298,0.038,-1.119,0.052,-18.431,2.571,455.68,-235.43,3.94,0,214,1,0.0
1782883804.755014,14:30:04.755,9221,95.574,0.0,42949672.91,-0.013,2525.606,3472.289,336312.321,-19.968,-23.543,0.394,-10.752,0.001,-11.52,0.01,-12.8,-0.01,255,212,255,-0.01
1782883804.755030,14:30:04.755,9222,130.345,0.38,34722.89,504084.481,-1542868.48,-704642.678,-754974.719,0.001,-1.28,-0.001,-3.073,-0.001,-22.785,98.65,-243.2,135.63,0,1,184,102.51
1782883804.755313,14:30:04.755,9225,95.157,24.82,1010.28,0.47,0.467,-0.004,0.014,-30.298,0.038,-1.119,0.052,-18.431,2.571,455.68,-235.43,3.94,0,214,1,0.0
1782883804.755329,14:30:04.755,9226,95.624,0.0,42949672.92,-0.003,2525.606,3472.289,336312.321,-19.968,-23.543,0.394,-10.752,0.001,-11.52,0.01,-10.24,-0.01,255,233,255,-0.01
1782883804.755341,14:30:04.755,9227,130.395,0.38,34722.89,504084.481,-1542868.48,-704642.678,-754974.719,0.001,-1.024,-0.001,-1.537,-0.001,-22.785,98.65,-243.2,135.63,0,1,184,102.51
1782883804.861967,14:30:04.861,9230,95.207,24.82,1010.27,0.557,0.49,0.434,-0.015,-30.298,0.038,-1.119,0.308,32.001,2.567,455.68,-237.99,3.94,0,45,2,0.0
1782883804.862013,14:30:04.862,9231,95.701,0.0,4.33,-0.042,2525.606,20249.505,336261.377,-19.968,-23.799,0.394,11.52,0.002,-3.584,0.01,-202.24,0.01,0,239,255,-0.01
1782883804.862032,14:30:04.862,9232,130.445,0.38,202495.05,504030.209,-1559645.696,754975.114,-150994.942,0.001,-20.224,0.001,-1.28,-0.001,-22.785,98.65,-243.2,135.63,1,1,216,102.5
1782883804.862047,14:30:04.862,9233,140.775,-237.99,7549751.14,-83886.078,-1325400.063,285212.673,-1509949.44,9.865,-24.32,13.563,0.257,2.762,0.05,24.82,-300.45,0.01,45,2,0,20.48
1782883804.862389,14:30:04.862,9236,95.267,24.82,1010.27,0.557,0.524,0.325,0.022,-30.298,0.038,-1.119,0.308,-12.543,2.57,455.68,-237.99,3.94,0,45,2,0.0
1782883804.862406,14:30:04.862,9237,95.794,0.0,3.25,0.013,2525.606,20249.505,336250.113,-19.968,-23.799,0.394,11.52,0.002,4.608,0.02,176.64,0.01,0,223,255,-0.01
1782883804.862419,14:30:04.862,9238,130.505,0.38,202495.05,504019.713,-1559645.696,754975.114,352321.538,0.002,17.664,0.001,3.584,0.0,-23.04,98.65,-243.2,135.63,1,1,178,102.5
1782883804.968688,14:30:04.968,9241,95.317,24.82,1010.28,0.47,0.517,-0.193,-0.023,-30.298,0.038,-1.119,0.052,-18.431,2.571,455.68,-235.43,3.94,0,214,1,0.0
1782883804.968724,14:30:04.968,9242,95.832,0.0,42949671.03,-0.04,2525.606,3472.289,336312.321,-19.968,-23.543,0.394,-10.752,0.001,0.256,0.02,161.28,-0.01,255,239,255,-0.01
1782883804.968741,14:30:04.968,9243,130.555,0.38,34722.89,504084.481,-1542868.48,-704642.678,-16777.215,0.001,15.872,-0.001,-4.097,-0.001,-22.785,98.65,-243.2,135.63,0,1,184,102.51
1782883804.968755,14:30:04.968,9244,140.885,-235.43,35903246.18,-184549.375,1862270.977,-201326.593,-1493172.225,9.865,-24.32,13.563,0.256,3.0,0.05,24.82,-300.44,0.01,214,1,0,-30.72
1782883804.969040,14:30:04.969,9247,95.377,24.82,1010.28,0.47,0.498,-0.146,-0.017,-30.298,0.038,-1.119,0.052,-18.431,2.571,455.68,-235.43,3.94,0,214,1,0.0
1782883804.969057,14:30:04.969,9248,95.874,0.0,42949671.5,-0.015,2525.606,3472.289,336312.321,-19.968,-23.543,0.394,-10.752,0.001,-4.096,0.01,281.6,-0.01,255,15,0,0.0
1782883804.969069,14:30:04.969,9249,130.615,0.38,34722.89,504084.481,-1559645.952,754975.114,-16777.214,0.001,16.896,0.001,-0.768,-0.001,-22.785,98.65,-243.2,135.63,1,1,142,102.48
1782883805.075262,14:30:05.075,9252,95.427,24.81,1010.27,0.557,0.518,0.322,-0.017,-30.298,0.038,-1.119,0.308,-7.423,2.57,453.12,-237.99,3.94,0,45,2,0.0
1782883805.075300,14:30:05.075,9253,95.948,0.0,3.21,-0.015,2525.606,20249.505,336255.233,-20.224,-23.799,0.394,11.52,0.002,3.072,0.02,168.96,0.01,0,3,0,0.0
1782883805.075319,14:30:05.075,9254,130.665,0.38,202495.05,504024.833,-1542868.48,-704642.678,-16777.215,0.001,13.824,-0.001,-4.609,-0.001,-22.785,98.65,-243.2,135.63,0,1,184,102.51
1782883805.075331,14:30:05.075,9255,140.995,-235.43,35903246.18,-50331.647,905969.665,33554.431,-1509949.44,9.865,-24.32,13.563,0.256,3.0,0.05,24.82,-300.44,0.01,214,1,0,-12.8
1782883805.075649,14:30:05.075,9258,95.487,24.82,1010.28,0.47,0.505,-0.202,-0.011,-30.298,0.038,-1.119,0.052,-18.431,2.571,455.68,-235.43,3.94,0,214,1,0.0
1782883805.075663,14:30:05.075,9259,95.99,0.0,42949670.93,-0.017,2525.606,3472.289,336312.321,-19.968,-23.543,0.394,-10.752,0.001,-4.352,0.01,266.24,-0.01,255,234,255,-0.01
1782883805.075673,14:30:05.075,9260,130.725,0.38,34722.89,504084.481,-1542868.48,-704642.678,-318767.103,0.001,26.624,-0.001,-4.097,-0.001,-22.785,98.65,-243.2,135.63,0,1,184,102.51
1782883805.181233,14:30:05.181,9263,95.537,24.82,1010.28,0.47,0.49,-0.153,-0.013,-30.298,0.038,-1.119,0.052,-18.431,2.827,455.68,-235.43,3.94,0,214,1,0.0
1782883805.181278,14:30:05.181,9264,96.026,0.0,42949671.43,-0.017,2525.606,3472.289,336312.321,-19.968,-23.543,0.394,-10.752,0.001,-7.168,0.01,-294.4,-0.01,255,218,255,-0.01
1782883805.181294,14:30:05.181,9265,130.775,0.38,34722.89,504084.481,-1542868.48,-704642.678,-486539.263,0.001,-29.44,-0.001,-11.009,-0.001,-22.785,98.65,-243.2,135.63,0,1,184,102.51
1782883805.181608,14:30:05.181,9268,95.588,24.82,1010.28,0.47,0.48,-0.116,-0.023,-30.298,0.038,-1.119,0.052,-18.431,2.571,455.68,-235.43,3.94,0,214,1,0.0
1782883805.181624,14:30:05.181,9269,96.067,0.0,42949671.8,0.013,2525.606,3472.289,336312.321,-19.968,-23.543,0.394,-10.752,0.001,-8.96,0.01,-222.72,-0.01,255,243,255,-0.01
1782883805.181636,14:30:05.181,9270,130.826,0.38,34722.89,504084.481,-1542868.48,-704642.678,-603979.775,0.001,-22.272,-0.001,-8.961,-0.001,-22.785,98.65,-243.2,135.63,0,1,184,102.51
1782883805.287697,14:30:05.287,9273,95.638,24.82,1010.28,0.47,0.474,-0.088,-0.011,-30.298,0.038,-1.119,0.052,-18.431,2.571,455.68,-235.43,3.94,0,214,1,0.0
1782883805.287732,14:30:05.287,9274,96.111,0.0,42949672.08,0.005,2525.606,3472.289,336312.321,-20.224,-23.799,0.394,11.52,0.002,-4.608,0.01,291.84,0.01,0,5,0,0.0
1782883805.287744,14:30:05.287,9275,130.876,0.38,202495.05,503825.665,-1559645.952,754975.114,-251658.238,0.001,29.184,0.001,-6.4,-0.001,-22.785,98.65,-243.2,135.63,1,1,7,102.51
1782883805.288042,14:30:05.288,9278,95.688,24.81,1010.27,0.557,0.505,0.369,-0.017,-30.298,0.038,-1.119,0.308,-3.583,2.57,453.12,-237.99,3.94,0,45,2,0.0
1782883805.288054,14:30:05.288,9279,96.196,0.0,3.69,-0.013,2525.606,20249.505,336258.561,-20.224,-23.799,0.394,11.52,0.002,2.304,0.02,53.76,0.01,0,239,255,-0.01
1782883805.288063,14:30:05.288,9280,130.926,0.38,202495.05,503905.281,-1559645.952,754975.114,201326.594,0.002,5.376,0.001,1.28,0.0,-23.04,98.65,-243.2,135.63,1,1,231,102.5
1782883805.393211,14:30:05.393,9283,95.738,24.81,1010.27,0.557,0.529,0.276,-0.023,-30.298,0.038,-1.119,0.308,-10.751,2.57,453.12,-237.99,3.94,0,45,2,0.0
1782883805.393449,14:30:05.393,9284,96.27,0.0,2.76,-0.017,2525.606,20249.505,336252.417,-20.224,-23.799,0.394,11.52,0.002,6.912,0.02,-125.44,0.0,0,230,255,-0.01
1782883805.393469,14:30:05.393,9285,130.976,0.38,202495.05,503961.857,-1559645.952,754975.114,486539.266,0.002,-12.544,0.0,-4.864,-0.001,-22.785,98.65,-243.2,135.63,1,1,213,102.5
1782883805.393658,14:30:05.393,9288,95.788,24.81,1010.27,0.557,0.545,0.206,-0.027,-30.298,0.038,-1.119,0.308,-14.079,2.57,453.12,-237.99,3.94,0,45,2,0.0
1782883805.393672,14:30:05.393,9289,96.335,0.0,2.06,-0.003,2525.606,20249.505,336249.345,-20.224,-23.799,0.394,11.52,0.002,9.984,0.02,-258.56,0.0,0,255,255,-0.01
1782883805.393684,14:30:05.393,9290,131.026,0.38,202495.05,503999.745,-1559645.952,754975.114,687865.858,0.002,-26.112,0.0,-10.752,-0.001,-22.785,98.65,-243.2,135.63,1,1,205,102.5
1782883805.499495,14:30:05.499,9293,95.838,24.81,1010.27,0.557,0.556,0.154,-0.005,-30.298,0.038,-1.119,0.308,-15.359,2.57,453.12,-237.99,3.94,0,45,2,0.0
1782883805.499535,14:30:05.499,9294,96.395,0.0,1.54,-0.024,2525.606,20249.505,336248.577,-20.224,-23.799,0.394,11.52,0.002,11.776,0.02,294.4,0.0,0,0,0,0.0
1782883805.499551,14:30:05.499,9295,131.076,0.38,202495.05,504024.321,-1559645.952,754975.114,805306.37,0.002,29.44,0.0,-4.352,-0.001,-22.785,98.65,-243.2,135.63,1,1,204,102.5
1782883805.499907,14:30:05.499,9298,95.889,24.81,1010.27,0.557,0.562,0.115,-0.029,-30.298,0.038,-1.119,0.308,-15.103,2.57,453.12,-237.99,3.94,0,45,2,0.0
1782883805.499924,14:30:05.499,9299,96.452,0.0,1.14,-0.017,2525.606,20249.505,302694.913,-20.224,-23.799,0.394,11.52,0.002,13.056,0.02,220.16,0.0,0,0,0,0.0
1782883805.499936,14:30:05.499,9300,131.127,0.38,34722.89,487264.513,-1559645.952,754975.114,872415.234,0.002,22.016,0.0,0.0,0.0,-23.04,98.65,-243.2,135.63,0,1,206,99.94
1782883805.605468,14:30:05.605,9303,95.939,24.81,1010.27,0.557,0.565,0.086,0.0,-30.298,0.038,-1.119,0.052,-14.079,1.802,453.12,-237.99,3.94,0,45,2,0.0
1782883805.605504,14:30:05.605,9304,96.504,0.0,0.86,0.0,2525.606,3472.289,319484.929,-20.224,-23.799,0.394,11.52,0.002,13.568,0.02,163.84,0.0,0,0,0,0.0
1782883805.605518,14:30:05.605,9305,131.177,0.38,34722.89,487260.929,-1559645.952,754975.114,905969.666,0.002,16.384,0.0,0.0,0.0,-23.04,98.65,-243.2,135.63,0,1,211,99.94
1782883805.605529,14:30:05.605,9306,141.251,-237.99,7549751.14,905969.666,1073741.826,0.0,-1509949.44,9.865,-24.32,13.563,0.256,2.769,0.049,24.81,-300.45,0.01,45,2,0,140.8
1782883805.605810,14:30:05.605,9309,95.998,24.81,1010.27,0.557,0.568,0.064,0.0,-30.298,0.038,-1.119,0.052,-13.055,2.57,453.12,-237.99,3.94,0,45,2,0.0
1782883805.605824,14:30:05.605,9310,96.564,0.0,0.48,-0.007,2525.606,3472.289,336283.393,-20.224,-23.799,0.394,11.52,0.002,14.08,0.02,122.88,0.0,0,0,0,0.0
1782883805.605835,14:30:05.605,9311,131.236,0.38,34722.89,504027.137,-1559645.952,754975.114,922746.882,0.002,12.288,0.0,0.0,0.0,-23.04,98.65,-243.2,135.63,0,1,215,102.5
1782883805.605844,14:30:05.605,9312,141.31,-237.99,7549751.14,922746.882,805306.37,0.0,-1509949.44,9.865,-24.32,13.563,0.256,2.774,0.05,24.81,-300.45,0.01,45,2,0,143.36
1782883805.711304,14:30:05.711,9315,96.058,24.81,1010.27,0.557,0.566,0.036,-0.019,-30.298,0.038,-1.119,0.052,19.457,2.059,453.12,-237.99,3.94,0,45,2,0.0
1782883805.711341,14:30:05.711,9316,96.624,0.0,0.36,-0.019,2525.606,3472.289,336261.377,-20.224,-23.799,0.394,11.52,0.002,14.08,0.02,92.16,0.0,0,0,0,0.0
1782883805.711354,14:30:05.711,9317,131.296,0.38,34722.89,504025.601,-1559645.952,754975.114,922746.882,0.002,9.216,0.0,0.0,0.0,-23.04,98.65,-243.2,135.63,0,1,220,97.38
1782883805.711365,14:30:05.711,9318,141.37,-237.99,7549751.14,922746.882,603979.778,0.0,-1509949.44,9.865,-24.32,13.563,0.256,2.798,0.05,24.81,-300.45,0.01,45,2,0,138.24
1782883805.711659,14:30:05.711,9321,96.118,24.81,1010.27,0.557,0.566,0.027,0.0,-30.298,0.038,-1.119,0.052,-7.167,2.57,453.12,-237.99,3.94,0,45,2,0.0
1782883805.711673,14:30:05.711,9322,96.684,0.0,0.27,0.0,2525.606,3472.289,302703.617,-20.224,-23.799,0.394,11.52,0.002,13.824,0.02,69.12,0.0,0,0,0,0.0
1782883805.711683,14:30:05.711,9323,131.356,0.38,34722.89,504033.537,-1559645.952,754975.114,922746.882,0.002,6.912,0.0,0.0,0.0,-23.04,98.65,-243.2,135.63,0,1,218,102.5
1782883805.818055,14:30:05.818,9326,96.168,24.81,1010.27,0.557,0.565,0.02,0.0,-30.298,0.038,-1.119,0.052,-5.631,2.57,453.12,-237.99,3.94,0,45,2,0.0
1782883805.818087,14:30:05.818,9327,96.734,0.0,0.2,0.0,2525.606,3472.289,336259.329,-20.224,-23.799,0.394,11.52,0.002,13.824,0.02,51.2,0.0,0,0,0,0.0
1782883805.818100,14:30:05.818,9328,131.406,0.38,34722.89,470477.057,-1559645.952,754975.114,905969.666,0.002,5.12,0.0,0.0,0.0,-23.04,98.65,-243.2,135.63,0,1,243,102.5
1782883805.818111,14:30:05.818,9329,141.48,-237.99,7549751.14,872415.234,251658.242,-251658.24,-1493172.225,9.865,-24.32,13.563,0.256,2.866,0.05,24.81,-300.45,0.01,45,2,0,135.68
1782883805.818374,14:30:05.818,9332,96.226,24.81,1010.27,0.557,0.565,0.015,0.0,-30.298,0.038,-1.119,0.052,-2.559,2.57,453.12,-237.99,3.94,0,45,2,0.0
1782883805.818387,14:30:05.818,9333,96.791,0.0,0.15,0.0,2525.606,3472.289,386594.305,-20.224,-23.799,0.394,11.52,0.002,13.568,0.02,38.4,0.0,0,0,0,0.0
1782883805.818396,14:30:05.818,9334,131.464,0.38,34722.89,520807.169,-1559645.952,754975.114,872415.234,0.002,2.816,0.0,-4.352,-0.001,-22.785,98.65,-243.2,135.63,0,1,74,110.19
1782883805.924729,14:30:05.924,9337,96.276,24.81,1010.27,0.557,0.564,0.011,0.0,-30.298,0.038,-1.119,0.052,-1.791,3.338,453.12,-237.99,3.94,0,45,2,0.0
1782883805.924817,14:30:05.924,9338,96.84,0.0,0.11,0.0,2525.606,3472.289,386592.769,-20.224,-23.799,0.394,11.52,0.002,13.312,0.02,28.16,0.0,0,0,0,0.0
1782883805.924836,14:30:05.924,9339,131.514,0.38,34722.89,520811.265,-1559645.952,754975.114,855638.018,0.002,2.048,0.0,1.792,0.0,-23.04,98.65,-243.2,135.63,0,1,71,102.51
1782883805.924848,14:30:05.924,9340,141.588,-237.99,7549751.14,855638.018,134217.73,117440.512,-1509949.44,9.865,-24.32,13.563,0.256,2.812,0.053,24.81,-300.45,0.01,45,2,0,130.56
1782883805.925148,14:30:05.925,9343,96.336,24.81,1010.27,0.557,0.563,0.008,0.0,-30.298,0.038,-1.119,0.052,-1.279,3.338,453.12,-237.99,3.94,0,45,2,0.0
1782883805.925164,14:30:05.925,9344,96.899,0.0,0.08,0.0,2525.606,3472.289,353039.361,-20.224,-23.799,0.394,11.52,0.002,12.8,0.02,15.36,0.0,0,231,255,-0.01
1782883805.925176,14:30:05.925,9345,131.574,0.38,34722.89,554385.409,-1559645.952,754975.114,838860.802,0.002,1.536,0.0,0.0,0.0,-23.04,98.65,-243.2,135.63,0,1,251,110.18
1782883806.032112,14:30:06.032,9348,96.389,24.81,1010.27,0.557,0.562,0.006,0.0,-30.298,0.038,-1.119,0.052,-1.279,2.57,453.12,-237.99,3.94,0,45,2,0.0
1782883806.032148,14:30:06.032,9349,96.951,0.0,0.06,0.0,2525.606,3472.289,302709.249,-20.224,-23.799,0.394,11.52,0.002,12.544,0.02,10.24,0.0,0,5,0,0.0
1782883806.032163,14:30:06.032,9350,131.627,0.38,34722.89,487273.985,-1559645.952,754975.114,822083.586,0.002,1.024,0.0,0.0,0.0,-23.04,98.65,-243.2,135.63,0,1,254,99.94
1782883806.032175,14:30:06.032,9351,141.701,-237.99,7549751.14,822083.586,67108.866,0.0,-1509949.44,9.865,-24.32,13.563,0.256,2.814,0.049,24.81,-300.45,0.01,45,2,0,125.44
1782883806.138451,14:30:06.138,9354,96.448,24.81,1010.27,0.557,0.561,0.004,0.0,-30.298,0.038,-1.119,0.052,-0.767,2.314,453.12,-237.99,3.94,0,45,2,0.0
1782883806.138498,14:30:06.138,9355,97.009,0.0,0.03,-0.013,2525.606,3472.289,336276.993,-20.224,-23.799,0.394,11.52,0.002,12.544,0.02,7.68,0.0,0,0,0,0.0
1782883806.138514,14:30:06.138,9356,131.686,0.38,34722.89,470482.945,-1559645.952,754975.114,822083.586,0.002,0.768,0.0,0.0,0.0,-23.04,98.65,-243.2,135.63,0,1,2,102.51
1782883806.138527,14:30:06.138,9357,141.76,-237.99,7549751.14,822083.586,50331.65,0.0,-1509949.44,9.865,-24.32,13.563,0.256,2.815,0.05,24.81,-300.45,0.01,45,2,0,125.44
1782883806.138834,14:30:06.138,9360,96.507,24.81,1010.27,0.557,0.56,0.002,-0.011,-30.298,0.038,-1.119,0.052,9.985,2.315,453.12,-237.99,3.94,0,45,2,0.0
1782883806.138849,14:30:06.138,9361,97.067,0.0,0.02,-0.011,2525.606,3472.289,353043.457,-20.224,-23.799,0.394,11.52,0.002,12.288,0.02,5.12,0.0,0,0,0,0.0
1782883806.138861,14:30:06.138,9362,131.745,0.38,34722.89,554369.281,-1559645.952,754975.114,805306.37,0.002,0.512,0.0,-3.84,-0.001,-22.785,98.65,-243.2,135.63,0,1,2,107.63
1782883806.245691,14:30:06.245,9365,96.557,24.81,1010.27,0.557,0.56,0.001,-0.017,-30.298,0.038,-1.119,0.052,10.497,3.339,453.12,-237.99,3.94,0,45,2,0.0
1782883806.245727,14:30:06.245,9366,97.117,0.0,0.01,0.003,2525.606,3472.289,369820.673,-20.224,-23.799,0.394,11.52,0.002,12.288,0.02,2.56,0.0,0,243,255,-0.01
1782883806.245742,14:30:06.245,9367,131.795,0.38,34722.89,520815.617,-1559645.952,754975.114,805306.37,0.002,0.256,0.0,0.0,0.0,-23.04,98.65,-243.2,135.63,0,1,4,105.07
1782883806.245755,14:30:06.245,9368,141.869,-237.99,7549751.14,805306.37,16777.218,0.0,-1509949.44,9.865,-24.32,13.563,0.256,2.82,0.05,24.81,-300.45,0.01,45,2,0,120.32
1782883806.246009,14:30:06.246,9371,96.619,24.81,1010.27,0.557,0.559,0.001,-0.003,-30.298,0.038,-1.119,0.052,1.537,2.571,453.12,-237.99,3.94,0,45,2,0.0
1782883806.246025,14:30:06.246,9372,97.178,0.0,0.01,-0.017,2525.606,3472.289,336266.753,-20.224,-23.799,0.394,11.52,0.002,12.032,0.02,0.0,0.0,0,241,255,-0.01
1782883806.246036,14:30:06.246,9373,131.857,0.38,34722.89,504038.913,-1559645.952,754975.114,788529.154,0.002,0.0,0.0,-3.84,-0.001,-22.785,98.65,-243.2,135.63,0,1,6,97.39
1782883806.352990,14:30:06.352,9376,96.669,24.81,1010.27,0.557,0.559,0.0,-0.013,-30.298,0.038,-1.119,0.052,1.793,2.571,453.12,-237.99,3.94,0,45,2,0.0
1782883806.353029,14:30:06.353,9377,97.228,0.0,0.0,0.005,2525.606,3472.289,336267.009,-20.224,-23.799,0.394,11.52,0.002,12.032,0.02,0.0,0.0,0,243,255,-0.01
1782883806.353046,14:30:06.353,9378,131.907,0.38,34722.89,487261.953,-1559645.952,754975.114,788529.154,0.002,0.0,0.0,6.144,0.0,-23.04,98.65,-243.2,135.63,0,1,7,97.39
1782883806.353060,14:30:06.353,9379,141.981,-237.99,7549751.14,788529.154,0.002,184549.376,-1509949.44,9.865,-24.32,13.563,0.256,2.842,0.049,24.81,-300.45,0.01,45,2,0,120.32
1782883806.353482,14:30:06.353,9382,96.728,24.81,1010.27,0.557,0.559,0.0,-0.013,-30.298,0.038,-1.119,0.052,2.049,2.571,453.12,-237.99,3.94,0,45,2,0.0
1782883806.353500,14:30:06.353,9383,97.287,0.0,0.0,-0.032,2525.606,3472.289,336267.265,-20.224,-23.799,0.394,11.52,0.002,12.032,0.02,-2.56,-0.01,255,222,255,-0.01
1782883806.353514,14:30:06.353,9384,131.966,0.38,34722.89,487262.209,-1559646.208,754975.114,771751.938,0.002,-0.256,-0.001,4.095,0.0,-23.04,98.65,-243.2,135.63,0,1,23,102.51
1782883806.353528,14:30:06.353,9385,141.784,-237.99,7549751.14,771751.938,0.002,419430.4,-1509949.44,9.865,-24.32,13.563,0.256,2.825,0.05,24.8,-300.45,0.01,45,2,0,117.76
1782883806.460522,14:30:06.460,9388,96.788,24.8,1010.27,0.557,0.558,-0.001,-0.027,-30.298,0.038,-1.119,0.052,2.305,2.571,450.56,-237.99,3.94,0,45,2,0.0
1782883806.460684,14:30:06.460,9389,97.346,0.0,0.0,0.014,2525.606,3472.289,319490.305,-20.48,-23.799,0.394,11.52,0.002,11.776,0.02,0.0,0.0,0,253,255,-0.01
1782883806.460699,14:30:06.460,9390,132.026,0.38,34722.89,487265.281,-1559646.208,754975.114,771751.938,0.002,-0.256,-0.001,-3.073,-0.001,-22.785,98.65,-243.2,135.63,0,1,10,102.51
1782883806.460711,14:30:06.460,9391,141.844,-237.99,7549751.14,771751.938,-16777.214,-268435.457,-1493172.225,9.865,-24.32,13.563,0.256,2.826,0.049,24.8,-300.45,0.01,45,2,0,117.76
1782883806.460907,14:30:06.460,9394,96.847,24.8,1010.27,0.557,0.558,-0.001,-0.023,-30.298,0.038,-1.119,0.052,2.561,2.571,450.56,-237.99,3.94,0,45,2,0.0
1782883806.460919,14:30:06.460,9395,97.405,0.0,42949672.95,-0.023,2525.606,3472.289,336269.825,-20.48,-23.799,0.394,11.52,0.002,11.776,0.02,-2.56,-0.01,255,253,255,-0.01
1782883806.460929,14:30:06.460,9396,132.085,0.38,34722.89,504040.193,-1559646.208,754975.114,771751.938,0.002,-0.256,-0.001,1.535,0.0,-23.04,98.65,-243.2,135.63,0,1,11,112.75
1782883806.567477,14:30:06.567,9399,96.897,24.8,1010.27,0.557,0.558,-0.001,0.005,-30.298,0.038,-1.119,0.052,2.817,2.571,450.56,-237.99,3.94,0,45,2,0.0
1782883806.567520,14:30:06.567,9400,97.455,0.0,42949672.95,-0.017,2525.606,3472.289,336269.569,-20.48,-23.799,0.394,11.52,0.002,11.776,0.02,-2.56,-0.01,255,245,255,-0.01
1782883806.567536,14:30:06.567,9401,132.135,0.38,34722.89,504040.193,-1559646.208,754975.114,771751.938,0.002,-0.256,-0.001,-4.097,-0.001,-22.785,98.65,-243.2,135.63,0,1,11,102.51
1782883806.567548,14:30:06.567,9402,141.953,-237.99,7549751.14,771751.938,-16777.214,-167772.161,-1493172.225,9.865,-24.32,13.563,0.256,2.827,0.05,24.8,-300.45,0.01,45,2,0,117.76
1782883806.567870,14:30:06.567,9405,96.957,24.8,1010.27,0.557,0.558,-0.001,0.022,-30.298,0.038,-1.119,0.052,3.841,2.571,450.56,-237.99,3.94,0,45,2,0.0
1782883806.567884,14:30:06.567,9406,97.515,0.0,42949672.95,-0.023,2525.606,3472.289,336268.033,-20.48,-23.799,0.394,11.52,0.002,11.776,0.02,-2.56,-0.01,255,239,255,-0.01
1782883806.567894,14:30:06.567,9407,132.195,0.38,34722.89,504040.193,-1559646.208,754975.114,771751.938,0.002,-0.256,-0.001,-7.937,-0.001,-22.785,98.65,-243.2,135.63,0,1,12,102.51
1782883806.567905,14:30:06.567,9408,142.013,-237.99,7549751.14,771751.938,-16777.214,100663.295,-1509949.44,9.865,-24.32,13.563,0.256,2.828,0.05,24.8,-300.45,0.01,45,2,0,117.76
1782883806.674914,14:30:06.674,9411,97.017,24.8,1010.27,0.557,0.558,-0.001,-0.015,-30.298,0.038,-1.119,0.052,3.073,2.571,450.56,-237.99,3.94,0,45,2,0.0
1782883806.674953,14:30:06.674,9412,97.575,0.0,42949672.95,-0.019,2525.606,3472.289,336268.289,-20.48,-23.799,0.394,11.52,0.002,11.776,0.02,-2.56,-0.01,255,253,255,-0.01
1782883806.674970,14:30:06.674,9413,132.255,0.38,34722.89,504040.449,-1559646.208,754975.114,771751.938,0.002,-0.256,-0.001,1.535,0.0,-23.04,98.65,-243.2,135.63,0,1,12,102.51
1782883806.675031,14:30:06.675,9414,142.073,-235.43,35903246.18,402653.185,1258291.202,100663.294,-1509949.44,9.865,-24.32,13.563,0.258,3.0,0.05,24.8,-300.44,0.01,214,1,0,48.64
1782883806.675319,14:30:06.675,9417,97.077,24.8,1010.28,0.47,0.527,-0.438,-0.046,-30.298,0.038,-1.119,0.564,-18.431,2.571,450.56,-235.43,3.94,0,214,1,0.0
1782883806.675334,14:30:06.675,9418,97.599,0.0,42949668.58,-0.013,2525.606,37026.721,336312.321,-20.48,-23.543,0.394,-10.752,0.001,1.536,0.02,189.44,-0.02,255,251,255,-0.01
1782883806.675347,14:30:06.675,9419,132.315,0.38,370267.21,504084.481,-1542868.992,-704642.678,-117440.511,0.001,-18.688,-0.002,-9.473,-0.001,-22.785,98.65,-243.2,135.63,2,1,184,102.51
1782883806.782139,14:30:06.782,9422,97.127,24.8,1010.28,0.47,0.499,-0.329,0.015,-30.298,0.038,-1.119,0.564,-18.431,2.571,450.56,-235.43,3.94,0,214,1,0.0
1782883806.782180,14:30:06.782,9423,97.622,0.0,42949669.67,-0.019,2525.606,37026.721,336312.321,-20.48,-23.543,0.394,-10.752,0.001,-5.12,0.01,-186.88,-0.02,255,239,255,-0.01
1782883806.782196,14:30:06.782,9424,132.365,0.38,370267.21,504084.481,-1542868.992,-704642.678,-452984.831,0.001,2.304,-0.001,-4.609,-0.001,-22.785,98.65,-243.2,135.63,2,1,184,102.51
1782883806.782507,14:30:06.782,9427,97.177,24.8,1010.28,0.47,0.48,-0.247,-0.013,-30.298,0.038,-1.119,0.564,-18.431,2.571,450.56,-235.43,3.94,0,214,1,0.0
1782883806.782523,14:30:06.782,9428,97.655,0.0,42949670.49,-0.013,2525.606,37026.721,336312.321,-20.48,-23.543,0.394,-10.752,0.001,-9.472,0.01,23.04,-0.01,255,237,255,-0.01
1782883806.782535,14:30:06.782,9429,132.415,0.38,370267.21,504084.481,-1542868.992,-704642.678,-671088.639,0.001,17.92,-0.001,-7.425,-0.001,-22.785,98.65,-243.2,135.63,2,1,184,102.51
1782883806.782547,14:30:06.782,9430,142.233,-235.43,35903246.18,-704643.071,1174405.121,-33554.433,-1493172.225,9.865,-24.32,13.563,0.258,3.0,0.05,24.8,-300.44,0.01,214,1,0,-110.08
1782883806.889605,14:30:06.889,9433,97.237,24.8,1010.28,0.47,0.467,-0.186,-0.007,-30.298,0.038,-1.119,0.564,-18.431,2.571,450.56,-235.43,3.94,0,214,1,0.0
1782883806.889648,14:30:06.889,9434,97.702,0.0,42949671.1,-0.017,2525.606,37026.721,353089.537,-20.48,-23.543,0.394,-10.752,0.001,-12.288,0.01,296.96,-0.01,255,253,255,-0.01
1782883806.889667,14:30:06.889,9435,132.475,0.38,370267.21,504084.481,-1542868.992,-704642.678,-822083.583,0.001,29.696,-0.001,-6.145,-0.001,-22.785,98.65,-243.2,135.63,2,1,184,102.51
1782883806.889991,14:30:06.889,9438,97.287,24.8,1010.28,0.47,0.46,-0.14,-0.015,-30.298,0.038,-1.119,0.564,-18.431,2.571,450.56,-235.43,3.94,0,214,1,0.0
1782883806.890005,14:30:06.890,9439,97.746,0.0,42949671.56,-0.015,2525.606,37026.721,353089.537,-20.48,-23.543,0.394,-10.752,0.001,-13.312,0.01,-268.8,-0.01,255,1,0,0.0
1782883806.890016,14:30:06.890,9440,132.525,0.38,370267.21,520861.697,-1542868.992,-704642.678,-889192.447,0.001,-26.88,-0.001,1.535,0.0,-23.04,98.65,-243.2,135.63,2,1,184,105.07
1782883806.996732,14:30:06.996,9443,97.338,24.8,1010.28,0.47,0.457,-0.105,-0.038,-30.298,0.038,-1.119,0.564,-18.431,2.571,450.56,-235.43,3.94,0,214,1,0.0
1782883806.996764,14:30:06.996,9444,97.794,0.0,42949671.9,-0.025,2525.606,37026.721,336312.321,-20.48,-23.543,0.394,-10.752,0.001,-13.824,0.01,-202.24,-0.01,255,249,255,-0.01
1782883806.996777,14:30:06.996,9445,132.576,0.38,34722.89,504084.481,-1542868.992,-704642.678,-922746.879,0.001,-20.224,-0.001,4.095,0.0,-23.04,98.65,-243.2,135.63,0,1,184,102.51
1782883806.997011,14:30:06.997,9448,97.388,24.8,1010.28,0.47,0.455,-0.079,-0.013,-30.298,0.038,-1.119,0.052,-18.431,2.571,450.56,-235.43,3.94,0,214,1,0.0
1782883806.997023,14:30:06.997,9449,97.843,0.0,42949672.17,-0.011,2525.606,3472.289,336312.321,-20.48,-23.543,0.394,-10.752,0.001,-14.08,0.01,-153.6,-0.01,255,239,255,-0.01
1782883806.997033,14:30:06.997,9450,132.626,0.38,34722.89,504084.481,-1542868.992,-704642.678,-922746.879,0.001,-15.36,-0.001,-3.585,-0.001,-22.785,98.65,-243.2,135.63,0,1,184,102.51
1782883807.103520,14:30:07.103,9453,97.438,24.8,1010.28,0.47,0.455,-0.06,-0.036,-30.298,0.038,-1.119,0.052,-18.431,2.571,450.56,-235.43,3.94,0,214,1,0.0
1782883807.103564,14:30:07.103,9454,97.893,0.0,42949672.36,-0.013,2525.606,3472.289,336312.321,-20.48,-23.543,0.394,-10.752,0.001,-14.08,0.01,-115.2,-0.01,255,13,0,0.0
1782883807.103584,14:30:07.103,9455,132.676,0.38,34722.89,504084.481,-1542868.992,-704642.678,-922746.879,0.001,-11.52,-0.001,-1.537,-0.001,-22.785,98.65,-243.2,135.63,0,1,184,102.51
1782883807.103887,14:30:07.103,9458,97.488,24.8,1010.28,0.47,0.456,-0.045,-0.011,-30.298,0.038,-1.119,0.052,-18.431,2.571,450.56,-235.43,3.94,0,214,1,0.0
1782883807.103903,14:30:07.103,9459,97.943,0.0,42949672.5,-0.013,2525.606,3472.289,336312.321,-20.48,-23.543,0.394,-10.752,0.001,-13.824,0.01,-87.04,-0.01,255,241,255,-0.01
1782883807.103915,14:30:07.103,9460,132.726,0.38,34722.89,504084.481,-1542868.992,-704642.678,-905969.663,0.001,-8.704,-0.001,0.255,0.0,-23.04,98.65,-243.2,135.63,0,1,184,102.51
1782883807.211018,14:30:07.211,9463,97.538,24.8,1010.28,0.47,0.457,-0.035,-0.023,-30.298,0.038,-1.119,0.052,-18.431,2.571,450.56,-235.43,3.94,0,214,1,0.0
1782883807.211063,14:30:07.211,9464,97.995,0.0,42949672.61,-0.013,2525.606,3472.289,336312.321,-20.48,-23.543,0.394,-10.752,0.001,-13.568,0.01,-66.56,-0.01,255,237,255,-0.01
1782883807.211082,14:30:07.211,9465,132.776,0.38,34722.89,504084.481,-1542868.992,-704642.678,-889192.447,0.001,-6.656,-0.001,-3.585,-0.001,-22.785,98.65,-243.2,135.63,0,1,184,102.51
1782883807.211408,14:30:07.211,9468,97.588,24.8,1010.28,0.47,0.458,-0.027,0.0,-30.298,0.038,-1.119,0.052,-18.431,2.571,450.56,-235.43,3.94,0,214,1,0.0
1782883807.211426,14:30:07.211,9469,98.046,0.0,42949672.69,-0.015,2525.606,3472.289,353089.537,-20.48,-23.543,0.394,-10.752,0.001,-13.312,0.01,-51.2,-0.01,255,239,255,-0.01
1782883807.211439,14:30:07.211,9470,132.826,0.38,34722.89,487307.265,-1542868.992,-704642.678,-872415.231,0.001,-5.12,-0.001,0.255,0.0,-23.04,98.65,-243.2,135.63,0,1,184,102.51
1782883807.318496,14:30:07.318,9473,97.639,24.8,1010.28,0.47,0.46,-0.02,0.0,-30.298,0.038,-1.119,0.052,-18.431,2.315,450.56,-235.43,3.94,0,214,1,0.0
1782883807.318531,14:30:07.318,9474,98.098,0.0,42949672.76,0.0,2525.606,3472.289,319535.105,-20.736,-23.799,0.394,11.52,0.002,-7.424,0.01,-232.96,0.01,0,0,0,0.0
1782883807.318543,14:30:07.318,9475,132.877,0.38,202495.05,487014.657,-1559646.464,754975.114,-419430.398,0.001,-23.296,0.001,0.0,0.0,-23.04,98.65,-243.2,135.63,1,1,12,94.83
1782883807.318553,14:30:07.318,9476,142.439,-237.99,7549751.14,-419430.398,-1526726.655,0.001,-1509949.44,9.865,-24.32,13.563,0.257,3.0,0.049,24.79,-300.45,0.01,45,2,0,-40.96
1782883807.318840,14:30:07.318,9479,97.696,24.79,1010.27,0.557,0.496,0.421,0.0,-30.298,0.038,-1.119,0.308,-18.431,2.571,450.56,-235.43,3.94,0,214,1,0.0
1782883807.318854,14:30:07.318,9480,98.187,0.0,42949671.58,0.0,2525.606,3472.289,369866.753,-20.48,-23.543,0.394,-10.752,0.001,-6.4,0.01,302.08,-0.01,255,241,255,-0.01
1782883807.318864,14:30:07.318,9481,132.934,0.38,34722.89,504084.481,-1542868.992,-704642.678,-419430.399,0.001,30.208,-0.001,-3.585,-0.001,-22.785,98.65,-243.2,135.63,0,1,184,107.63
1782883807.318873,14:30:07.318,9482,142.752,-235.43,35903246.18,-469762.047,1979711.489,16777.215,-1509949.44,9.865,-24.32,13.563,0.256,3.0,0.052,24.8,-300.44,0.01,214,1,0,-76.8
1782883807.425738,14:30:07.425,9485,97.758,24.8,1010.28,0.47,0.479,-0.104,0.0,-30.298,0.038,-1.119,0.052,-18.431,2.571,450.56,-235.43,3.94,0,214,1,0.0
1782883807.425781,14:30:07.425,9486,98.236,0.0,42949671.92,-0.003,2525.606,3472.289,336312.321,-20.48,-23.543,0.394,-10.752,0.001,-8.96,0.01,-266.24,-0.01,255,0,0,0.0
1782883807.425799,14:30:07.425,9487,132.996,0.38,34722.89,504084.481,-1542868.992,-704642.678,-603979.775,0.001,-26.624,-0.001,0.255,0.0,-23.04,98.65,-243.2,135.63,0,1,184,102.51
1782883807.532471,14:30:07.532,9490,97.806,24.8,1010.28,0.47,0.474,-0.078,0.0,-30.298,0.038,-1.119,0.052,-18.431,3.083,450.56,-235.43,3.94,0,214,1,0.0
1782883807.532656,14:30:07.532,9491,98.278,0.0,42949672.18,0.007,2525.606,3472.289,336312.321,-20.48,-23.543,0.394,-10.752,0.001,-10.24,0.01,-199.68,-0.01,255,7,0,0.0
1782883807.532673,14:30:07.532,9492,133.044,0.38,34722.89,504084.481,-1542868.992,-704642.678,-671088.639,0.001,-19.968,-0.001,2.047,0.0,-23.04,98.65,-243.2,135.63,0,1,184,107.63
1782883807.532690,14:30:07.532,9493,142.862,-235.43,35903246.18,-704643.071,-1308622.847,16777.215,-1509949.44,9.865,-24.32,13.563,0.256,3.0,0.052,24.8,-300.44,0.01,214,1,0,-110.08
1782883807.532949,14:30:07.532,9496,97.868,24.8,1010.28,0.47,0.469,-0.059,-0.033,-30.298,0.038,-1.119,0.052,-18.431,2.571,450.56,-235.43,3.94,0,214,1,0.0
1782883807.532962,14:30:07.532,9497,98.336,0.0,42949672.37,0.0,2525.606,3472.289,386643.969,-20.48,-23.543,0.394,-10.752,0.001,-11.52,0.01,-151.04,-0.01,255,214,255,-0.01
1782883807.532972,14:30:07.532,9498,133.106,0.38,34722.89,504084.481,-1542868.992,-704642.678,-754974.719,0.001,-15.104,-0.001,0.255,0.0,-23.04,98.65,-243.2,135.63,0,1,184,105.07
1782883807.533143,14:30:07.533,9501,97.917,24.8,1010.28,0.47,0.467,-0.044,0.015,-30.298,0.038,-1.119,0.052,-18.431,2.827,450.56,-235.43,3.94,0,214,1,0.0
1782883807.533157,14:30:07.533,9502,98.383,0.0,42949672.52,0.0,2525.606,3472.289,369866.753,-20.48,-23.543,0.394,-10.752,0.001,-11.776,0.01,-112.64,-0.01,255,0,0,0.0
1782883807.533168,14:30:07.533,9503,133.155,0.38,34722.89,537638.913,-1542868.992,-704642.678,-788529.151,0.001,-11.264,-0.001,0.255,0.0,-23.04,98.65,-243.2,135.63,0,1,184,107.63
1782883807.640717,14:30:07.640,9506,97.968,24.8,1010.28,0.47,0.466,-0.033,-0.007,-30.298,0.038,-1.119,0.052,-18.431,2.827,450.56,-235.43,3.94,0,214,1,0.0
1782883807.640760,14:30:07.640,9507,98.433,0.0,42949672.63,0.0,2525.606,3472.289,353089.537,-20.48,-23.543,0.394,-10.752,0.001,-12.032,0.01,-84.48,-0.01,255,0,0,0.0
1782883807.640776,14:30:07.640,9508,133.206,0.38,34722.89,520861.697,-1542868.992,-704642.678,-788529.151,0.001,-8.448,-0.001,0.255,0.0,-23.04,98.65,-243.2,135.63,0,1,184,105.07
1782883807.641107,14:30:07.641,9511,98.017,24.79,1010.27,0.557,0.491,0.411,0.007,-30.298,0.038,-1.119,0.308,1.793,3.083,448.0,-237.99,3.94,0,45,2,0.0
1782883807.641123,14:30:07.641,9512,98.513,0.0,4.11,0.0,2525.606,20249.505,369817.601,-20.736,-23.799,0.394,11.52,0.002,-3.072,0.01,-258.56,0.01,0,0,0,0.0
1782883807.641135,14:30:07.641,9513,133.255,0.38,202495.05,537586.689,-1559646.464,754975.114,-134217.726,0.001,-25.856,0.001,0.0,0.0,-23.04,98.65,-243.2,135.63,1,1,223,107.62
1782883807.641148,14:30:07.641,9514,142.817,-235.43,35903246.18,-268435.455,-2113929.215,16777.215,-1509949.44,9.865,-24.32,13.563,0.256,3.0,0.05,24.79,-300.44,0.01,214,1,0,-43.52
1782883807.748070,14:30:07.748,9517,98.076,24.79,1010.28,0.47,0.495,-0.126,-0.007,-30.298,0.038,-1.119,0.052,-18.431,3.083,448.0,-235.43,3.94,0,214,1,0.0
1782883807.748103,14:30:07.748,9518,98.568,0.0,42949671.7,0.0,2525.606,3472.289,369866.753,-20.736,-23.543,0.394,-10.752,0.001,-5.376,0.01,-322.56,-0.01,255,0,0,0.0
1782883807.748118,14:30:07.748,9519,133.314,0.38,34722.89,537638.913,-1559646.464,754975.114,-67108.862,0.001,23.552,0.001,0.0,0.0,-23.04,98.65,-243.2,135.63,1,1,93,105.04
1782883807.748376,14:30:07.748,9522,98.128,24.79,1010.27,0.557,0.515,0.348,0.0,-30.298,0.038,-1.119,0.308,-8.703,2.57,448.0,-237.99,3.94,0,45,2,0.0
1782883807.748390,14:30:07.748,9523,98.646,0.0,3.48,0.0,2525.606,20249.505,336253.953,-20.736,-23.799,0.394,11.52,0.002,2.304,0.02,235.52,0.01,0,0,0,0.0
1782883807.748401,14:30:07.748,9524,133.366,0.38,202495.05,504023.553,-1559646.464,754975.114,318767.106,0.002,1.28,0.001,0.0,0.0,-23.04,98.65,-243.2,135.63,1,1,105,99.93
1782883807.855218,14:30:07.855,9527,98.178,24.79,1010.27,0.557,0.536,0.261,0.0,-30.298,0.038,-1.119,0.308,-14.335,2.57,448.0,-237.99,3.94,0,45,2,0.0
1782883807.855255,14:30:07.855,9528,98.717,0.0,2.61,0.0,2525.606,20249.505,369803.265,-20.736,-23.799,0.394,11.52,0.002,7.68,0.02,12.8,0.01,0,239,255,-0.01
1782883807.855270,14:30:07.855,9529,133.416,0.38,202495.05,520795.905,-1542868.992,-704642.678,234881.025,0.002,7.424,-0.001,0.255,0.0,-23.04,98.65,-243.2,135.63,0,1,184,99.95
1782883807.855282,14:30:07.855,9530,143.234,-235.43,35903246.18,201326.593,486539.266,-201326.593,-1493172.225,9.865,-24.32,13.563,0.256,3.0,0.052,24.8,-300.44,0.01,214,1,0,23.04
1782883807.855590,14:30:07.855,9533,98.239,24.8,1010.28,0.47,0.519,-0.227,-0.019,-30.298,0.038,-1.119,0.052,-18.431,2.315,450.56,-235.43,3.94,0,214,1,0.0
1782883807.855604,14:30:07.855,9534,98.756,0.0,42949670.69,0.0,2525.606,3472.289,336312.321,-20.48,-23.799,0.394,11.52,0.002,4.096,0.02,61.44,0.01,0,241,255,-0.01
1782883807.855614,14:30:07.855,9535,133.477,0.38,34722.89,470375.937,-1559646.208,754975.114,301989.89,0.002,6.144,0.001,-1.792,-0.001,-22.785,98.65,-243.2,135.63,0,1,210,102.5
1782883807.855625,14:30:07.855,9536,143.295,-237.99,7549751.14,352321.538,402653.186,-251658.239,-1493172.225,9.865,-24.32,13.563,0.256,2.76,0.05,24.8,-300.45,0.01,45,2,0,61.44
1782883807.962948,14:30:07.962,9539,98.298,24.8,1010.27,0.557,0.539,0.28,0.0,-30.298,0.038,-1.119,0.052,-18.431,2.826,450.56,-237.99,3.94,0,45,2,0.0
1782883807.962990,14:30:07.962,9540,98.843,0.0,2.1,0.005,2525.606,3472.289,319429.633,-20.48,-23.799,0.394,11.52,0.002,8.704,0.02,-120.32,0.0,0,222,255,-0.01
1782883807.963007,14:30:07.963,9541,133.536,0.38,34722.89,520799.233,-1559646.208,754975.114,620756.994,0.002,-11.776,0.0,4.352,0.0,-23.04,98.65,-243.2,135.63,0,1,189,105.06
1782883807.963022,14:30:07.963,9542,143.354,-237.99,7549751.14,654311.426,-788529.15,-218103.808,-1493172.225,9.865,-24.32,13.563,0.256,2.742,0.051,24.8,-300.45,0.01,45,2,0,104.96
1782883807.963384,14:30:07.963,9545,98.358,24.8,1010.27,0.557,0.555,0.157,0.005,-30.298,0.038,-1.119,0.052,-26.623,2.314,450.56,-237.99,3.94,0,45,2,0.0
1782883807.963402,14:30:07.963,9546,98.915,0.0,1.57,-0.015,2525.606,3472.289,336248.577,-20.48,-23.799,0.394,11.52,0.002,12.032,0.02,-253.44,0.0,0,5,0,0.0
1782883807.963415,14:30:07.963,9547,133.596,0.38,34722.89,504019.457,-1559646.208,754975.114,805306.37,0.002,-25.344,0.0,-5.888,-0.001,-22.785,98.65,-243.2,135.63,0,1,181,102.5
1782883807.963428,14:30:07.963,9548,143.414,-237.99,7549751.14,838860.802,-1677721.598,-1291845.632,-1493172.225,9.865,-24.32,13.563,0.256,2.737,0.05,24.8,-300.45,0.01,45,2,0,128.0
1782883808.070883,14:30:08.070,9551,98.417,24.8,1010.27,0.557,0.563,0.117,0.005,-30.298,0.038,-1.119,0.052,-16.127,2.826,450.56,-237.99,3.94,0,45,2,0.0
1782883808.070920,14:30:08.070,9552,98.981,0.0,1.17,0.005,2525.606,3472.289,353025.281,-20.48,-23.799,0.394,11.52,0.002,13.568,0.02,299.52,0.0,0,241,255,-0.01
1782883808.070934,14:30:08.070,9553,133.655,0.38,34722.89,520796.417,-1559646.208,754975.114,922746.882,0.002,29.696,0.0,-8.192,-0.001,-22.785,98.65,-243.2,135.63,0,1,182,105.06
1782883808.070945,14:30:08.070,9554,143.473,-237.99,7549751.14,905969.666,1459617.794,-50331.648,-1493172.225,9.865,-24.32,13.563,0.256,2.854,0.05,24.8,-300.45,0.01,45,2,0,138.24
1782883808.071208,14:30:08.071,9557,98.478,24.8,1010.27,0.557,0.567,0.087,-0.017,-30.298,0.038,-1.119,0.052,-15.871,2.314,450.56,-237.99,3.94,0,45,2,0.0
1782883808.071221,14:30:08.071,9558,99.046,0.0,0.87,-0.007,2525.606,3472.289,319471.617,-20.48,-23.799,0.394,11.52,0.002,14.592,0.02,222.72,0.0,0,243,255,-0.01
1782883808.071231,14:30:08.071,9559,133.716,0.38,34722.89,487243.009,-1542868.992,-704642.678,570425.345,0.002,-30.464,-0.002,-5.633,-0.001,-22.785,98.65,-243.2,135.63,2,1,184,99.95
1782883808.177683,14:30:08.177,9562,98.527,24.8,1010.28,0.47,0.538,-0.376,-0.005,-30.298,0.038,-1.119,0.564,-18.431,2.571,450.56,-235.43,3.94,0,214,1,0.0
1782883808.177719,14:30:08.177,9563,99.061,0.0,42949669.2,-0.038,2525.606,37026.721,336312.321,-20.48,-23.543,0.394,-10.752,0.001,4.864,0.02,-307.2,-0.02,255,249,255,-0.01
1782883808.177736,14:30:08.177,9564,133.765,0.38,370267.21,504084.481,-1542868.992,-704642.678,67108.865,0.002,-6.656,-0.002,1.023,0.0,-23.04,98.65,-243.2,135.63,2,1,184,102.51
1782883808.177750,14:30:08.177,9565,143.583,-235.43,35903246.18,16777.217,-436207.614,-301989.89,-1493172.225,9.865,-24.32,13.563,0.258,3.0,0.05,24.8,-300.44,0.01,214,1,0,-5.12
1782883808.284833,14:30:08.284,9568,98.587,24.8,1010.28,0.47,0.507,-0.282,-0.013,-30.298,0.038,-1.119,0.564,-18.431,2.571,450.56,-235.43,3.94,0,214,1,0.0
1782883808.284870,14:30:08.284,9569,99.091,0.0,42949670.13,-0.032,2525.606,37026.721,336312.321,-20.48,-23.543,0.394,-10.752,0.001,-4.352,0.01,112.64,-0.01,255,237,255,-0.01
1782883808.284884,14:30:08.284,9570,133.825,0.38,370267.21,504084.481,-1542868.992,-704642.678,-318767.103,0.001,11.264,-0.001,-1.025,-0.001,-22.785,98.65,-243.2,135.63,2,1,184,102.51
1782883808.284896,14:30:08.284,9571,143.643,-235.43,35903246.18,-352321.535,738197.505,-33554.433,-1493172.225,9.865,-24.32,13.563,0.258,3.0,0.05,24.8,-300.44,0.01,214,1,0,-58.88
1782883808.285243,14:30:08.285,9574,98.647,24.8,1010.28,0.47,0.487,-0.213,-0.025,-30.298,0.038,-1.119,0.564,-18.431,2.571,450.56,-235.43,3.94,0,214,1,0.0
1782883808.285258,14:30:08.285,9575,99.129,0.0,42949671.36,-0.013,2525.606,37026.721,336312.321,-20.48,-23.543,0.394,-10.752,0.001,-8.192,0.01,245.76,-0.01,255,243,255,-0.01
1782883808.285268,14:30:08.285,9576,133.885,0.38,370267.21,504084.481,-1542868.992,-704642.678,-553648.127,0.001,24.576,-0.001,4.095,0.0,-23.04,98.65,-243.2,135.63,2,1,184,102.51
1782883808.285279,14:30:08.285,9577,143.703,-235.43,35903246.18,-587202.559,1610612.737,-620756.993,-1493172.225,9.865,-24.32,13.563,0.258,3.0,0.05,24.8,-300.44,0.01,214,1,0,-94.72
1782883808.285471,14:30:08.285,9580,98.707,24.8,1010.28,0.47,0.473,-0.12,-0.015,-30.298,0.038,-1.119,0.564,-18.431,2.571,450.56,-235.43,3.94,0,214,1,0.0
1782883808.285485,14:30:08.285,9581,99.179,0.0,42949671.76,0.007,2525.606,37026.721,336312.321,-20.48,-23.543,0.394,-10.752,0.001,-10.496,0.01,-309.76,-0.01,255,241,255,-0.01
1782883808.285497,14:30:08.285,9582,133.945,0.38,370267.21,504084.481,-1542868.992,-704642.678,-704643.071,0.001,-30.976,-0.001,0.255,0.0,-23.04,98.65,-243.2,135.63,2,1,184,102.51
1782883808.392770,14:30:08.392,9585,98.757,24.8,1010.27,0.557,0.49,0.347,-0.013,-30.298,0.038,-1.119,0.052,-19.967,2.567,450.56,-237.99,3.94,0,45,2,0.0
1782883808.392815,14:30:08.392,9586,99.25,0.0,3.47,0.007,2525.606,20249.505,336273.153,-20.48,-23.799,0.394,11.52,0.002,-3.84,0.01,232.96,0.01,0,251,255,-0.01
1782883808.392833,14:30:08.392,9587,133.995,0.38,202495.05,504042.753,-1559646.208,754975.114,-201326.59,0.001,23.296,0.001,4.864,0.0,-23.04,98.65,-243.2,135.63,1,1,10,102.51
1782883808.392847,14:30:08.392,9588,143.813,-237.99,7549751.14,-150994.942,1526726.657,-520093.695,-1493172.225,9.865,-24.32,13.563,0.257,2.816,0.05,24.8,-300.44,0.01,214,1,0,-43.52
1782883808.499773,14:30:08.499,9591,98.817,24.8,1010.28,0.47,0.493,-0.186,-0.015,-30.298,0.038,-1.119,0.052,-18.431,2.571,450.56,-235.43,3.94,0,214,1,0.0
1782883808.499814,14:30:08.499,9592,99.308,0.0,42949671.1,0.007,2525.606,3472.289,336312.321,-20.48,-23.543,0.394,-10.752,0.001,-5.888,0.01,179.2,-0.01,255,3,0,0.0
1782883808.499830,14:30:08.499,9593,134.055,0.38,34722.89,504084.481,-1542868.992,-704642.678,-419430.399,0.001,17.92,-0.001,-7.425,-0.001,-22.785,98.65,-243.2,135.63,0,1,184,102.51
1782883808.499845,14:30:08.499,9594,143.873,-235.43,35903246.18,-486539.263,1946157.057,-452984.833,-1493172.225,9.865,-24.32,13.563,0.256,3.0,0.05,24.8,-300.44,0.01,214,1,0,-79.36
1782883808.500221,14:30:08.500,9597,98.877,24.8,1010.28,0.47,0.48,-0.14,0.023,-30.298,0.038,-1.119,0.052,-18.431,2.571,450.56,-235.43,3.94,0,214,1,0.0
1782883808.500239,14:30:08.500,9598,99.355,0.0,42949671.56,-0.007,2525.606,3472.289,336312.321,-20.48,-23.543,0.394,-10.752,0.001,-8.96,0.01,296.96,-0.01,255,243,255,-0.01
1782883808.500253,14:30:08.500,9599,134.115,0.38,34722.89,504084.481,-1542868.992,-704642.678,-620756.991,0.001,-26.88,-0.001,-1.025,-0.001,-22.785,98.65,-243.2,135.63,0,1,184,105.07
1782883808.606932,14:30:08.606,9602,98.927,24.8,1010.28,0.47,0.472,-0.105,0.001,-30.298,0.038,-1.119,0.052,-18.431,2.571,450.56,-235.43,3.94,0,214,1,0.0
1782883808.607201,14:30:08.607,9603,99.398,0.0,42949671.91,-0.038,2525.606,3472.289,336312.321,-20.48,-23.543,0.394,-10.752,0.001,-10.752,0.01,-271.36,-0.01,255,222,255,-0.01
1782883808.607226,14:30:08.607,9604,134.165,0.38,34722.89,504084.481,-1542868.992,-704642.678,-721420.287,0.001,-20.224,-0.001,-4.609,-0.001,-22.785,98.65,-243.2,135.63,0,1,184,105.07
1782883808.607427,14:30:08.607,9607,98.978,24.8,1010.28,0.47,0.468,-0.08,-0.026,-30.298,0.038,-1.119,0.052,-18.431,2.571,450.56,-235.43,3.94,0,214,1,0.0
1782883808.607440,14:30:08.607,9608,99.445,0.0,42949672.16,-0.013,2525.606,3472.289,336312.321,-20.48,-23.543,0.394,-10.752,0.001,-11.776,0.01,-204.8,-0.01,255,243,255,-0.01
1782883808.607451,14:30:08.607,9609,134.216,0.38,34722.89,504084.481,-1542868.992,-704642.678,-771751.935,0.001,-15.36,-0.001,-3.073,-0.001,-22.785,98.65,-243.2,135.63,0,1,184,102.51
1782883808.714883,14:30:08.714,9612,99.026,24.8,1010.28,0.47,0.466,-0.06,-0.019,-30.298,0.038,-1.119,0.052,-18.431,3.083,450.56,-235.43,3.94,0,214,1,0.0
1782883808.714917,14:30:08.714,9613,99.491,0.0,42949672.36,-0.015,2525.606,3472.289,369866.753,-20.48,-23.543,0.394,-10.752,0.001,-12.288,0.01,-156.16,-0.01,255,243,255,-0.01
1782883808.714932,14:30:08.714,9614,134.264,0.38,34722.89,537638.913,-1559646.208,754975.114,-419430.398,0.001,-30.976,0.001,1.792,0.0,-23.04,98.65,-243.2,135.63,1,1,120,107.59
1782883808.715231,14:30:08.715,9617,99.078,24.8,1010.27,0.557,0.494,0.39,-0.017,-30.298,0.038,-1.119,0.308,1.537,2.571,450.56,-237.99,3.94,0,45,2,0.0
1782883808.715245,14:30:08.715,9618,99.576,0.0,3.9,-0.013,2525.606,20249.505,336263.681,-20.48,-23.799,0.394,11.52,0.002,-2.56,0.01,-312.32,0.01,0,239,255,-0.01
1782883808.715257,14:30:08.715,9619,134.316,0.38,202495.05,504032.769,-1559646.208,754975.114,67108.866,0.002,9.216,0.001,-9.728,-0.001,-22.785,98.65,-243.2,135.63,1,1,209,102.48
1782883808.715428,14:30:08.715,9622,99.128,24.8,1010.27,0.557,0.522,0.292,-0.013,-30.298,0.038,-1.119,0.308,-7.167,2.57,450.56,-237.99,3.94,0,45,2,0.0
1782883808.715440,14:30:08.715,9623,99.653,0.0,2.92,-0.013,2525.606,20249.505,336255.745,-20.48,-23.799,0.394,11.52,0.002,4.096,0.02,92.16,0.01,0,239,255,-0.01
1782883808.715451,14:30:08.715,9624,134.366,0.38,202495.05,504025.601,-1559646.208,754975.114,402653.186,0.002,-9.472,0.0,4.096,0.0,-23.04,98.65,-243.2,135.63,1,1,187,102.49
1782883808.821748,14:30:08.821,9627,99.178,24.8,1010.27,0.557,0.54,0.219,-0.013,-30.298,0.038,-1.119,0.308,-11.775,2.57,450.56,-237.99,3.94,0,45,2,0.0
1782883808.821780,14:30:08.821,9628,99.721,0.0,2.19,-0.013,2525.606,20249.505,336251.649,-20.48,-23.799,0.394,11.52,0.002,8.448,0.02,-97.28,0.0,0,235,255,-0.01
1782883808.821794,14:30:08.821,9629,134.416,0.38,202495.05,504022.273,-1559646.208,754975.114,620756.994,0.002,-23.552,0.0,-0.768,-0.001,-22.785,98.65,-243.2,135.63,1,1,85,102.5
1782883808.822045,14:30:08.822,9632,99.228,24.8,1010.27,0.557,0.552,0.164,0.0,-30.298,0.038,-1.119,0.308,-13.823,2.57,450.56,-237.99,3.94,0,45,2,0.0
1782883808.822057,14:30:08.822,9633,99.782,0.0,1.63,-0.011,2525.606,20249.505,302695.681,-20.48,-23.799,0.394,11.52,0.002,10.752,0.02,-238.08,0.0,0,245,255,-0.01
1782883808.822067,14:30:08.822,9634,134.466,0.38,202495.05,504043.009,-1576423.424,2130706.826,1174405.122,0.002,9.216,0.002,-3.328,-0.001,-22.785,98.65,-243.2,135.63,1,1,78,105.02
1782883808.928830,14:30:08.928,9637,99.277,24.8,1010.26,0.639,0.592,0.548,0.0,-30.298,0.038,-1.119,0.308,-28.159,2.825,450.56,-240.55,3.94,0,127,2,0.0
1782883808.928870,14:30:08.928,9638,99.875,0.0,5.48,0.0,2525.606,20249.505,352943.617,-20.48,-24.055,0.394,32.512,0.002,23.552,0.02,92.16,0.02,0,0,0,0.0
1782883808.928888,14:30:08.928,9639,134.515,0.38,202495.05,520711.681,-1576423.424,2130706.826,1728053.25,0.002,-25.856,0.001,0.0,0.0,-23.04,98.65,-243.2,135.63,1,1,46,105.04
1782883808.928903,14:30:08.928,9640,144.333,-240.55,21307068.26,1795162.114,-1694498.814,0.001,-1509949.44,9.865,-24.32,13.563,0.257,2.437,0.051,24.8,-300.46,0.01,127,2,0,284.16
1782883808.929229,14:30:08.929,9643,99.336,24.8,1010.26,0.639,0.623,0.411,0.005,-30.298,0.038,-1.119,0.308,18.177,3.082,450.56,-240.55,3.94,0,127,2,0.0
1782883808.929246,14:30:08.929,9644,99.968,0.0,4.11,0.0,2525.606,20249.505,369677.569,-20.48,-24.055,0.394,32.512,0.002,31.744,0.02,133.12,0.01,0,0,0,0.0
1782883808.929258,14:30:08.929,9645,134.574,0.38,202495.05,537474.817,-1576423.424,2130706.826,2130706.434,0.002,13.312,0.001,0.0,0.0,-23.04,98.65,-243.2,135.63,1,1,124,107.61
1782883809.036637,14:30:09.036,9648,99.388,24.8,1010.26,0.639,0.645,0.308,0.0,-30.298,0.038,-1.119,0.308,27.137,2.569,450.56,-240.55,3.94,0,127,2,0.0
1782883809.036674,14:30:09.036,9649,100.036,0.0,3.08,0.0,2525.606,20249.505,336158.721,-20.48,-24.055,0.394,32.512,0.002,-30.464,0.02,-64.0,0.0,0,0,0,0.0
1782883809.036688,14:30:09.036,9650,134.626,0.38,202495.05,503963.905,-1576423.424,2130706.826,-1962934.27,0.002,-6.4,0.0,0.0,0.0,-23.04,98.65,-243.2,135.63,1,1,126,102.49
1782883809.036704,14:30:09.036,9651,144.444,-240.55,21307068.26,-1929379.838,-419430.398,268435.456,-1509949.44,9.865,-24.32,13.563,0.257,2.424,0.05,24.8,-300.46,0.01,127,2,0,-286.72
1782883809.037047,14:30:09.037,9654,99.448,24.8,1010.26,0.639,0.658,0.231,0.0,-30.298,0.038,-1.119,0.308,27.137,2.569,450.56,-240.55,3.94,0,127,2,0.0
1782883809.037062,14:30:09.037,9655,100.104,0.0,1.74,0.0,2525.606,20249.505,336218.625,-20.48,-24.055,0.394,32.512,0.002,-28.16,0.02,-209.92,0.0,0,0,0,0.0
1782883809.037073,14:30:09.037,9656,134.686,0.38,202495.05,503940.865,-1576423.424,2130706.826,-1811939.326,0.002,-20.992,0.0,1.792,0.0,-23.04,98.65,-243.2,135.63,1,1,130,102.49
1782883809.037083,14:30:09.037,9657,144.504,-240.55,21307068.26,-1795162.11,-1375731.71,0.0,-1509949.44,9.865,-24.32,13.563,0.257,2.429,0.05,24.8,-300.46,0.01,127,2,0,-268.8
1782883809.144705,14:30:09.144,9660,99.508,24.8,1010.26,0.639,0.66,0.13,0.0,-30.298,0.038,-1.119,0.308,-31.487,2.058,450.56,-240.55,3.94,0,127,2,0.0
1782883809.144747,14:30:09.144,9661,100.168,0.0,1.3,0.0,2525.606,20249.505,336189.697,-20.48,-24.055,0.394,32.512,0.002,-27.136,0.02,-322.56,0.0,0,9,0,0.0
1782883809.144764,14:30:09.144,9662,134.746,0.38,202495.05,503932.161,-1576423.424,2130706.826,-1744830.462,0.002,-32.256,0.0,0.0,0.0,-23.04,98.65,-243.2,135.63,1,1,140,102.49
1782883809.144779,14:30:09.144,9663,144.564,-240.55,21307068.26,-1728053.246,-2113929.214,0.0,-1509949.44,9.865,-24.32,13.563,0.257,2.44,0.048,24.8,-300.46,0.01,127,2,0,-276.48
1782883809.252577,14:30:09.252,9666,99.569,24.8,1010.26,0.639,0.662,0.098,0.0,-30.298,0.038,-1.119,0.052,-31.743,2.313,450.56,-240.55,3.94,0,127,2,0.0
1782883809.252613,14:30:09.252,9667,100.232,0.0,0.98,0.005,2525.606,3472.289,285843.201,-20.48,-24.055,0.394,32.512,0.002,-26.88,0.02,250.88,0.0,0,5,0,0.0
1782883809.252626,14:30:09.252,9668,134.807,0.38,34722.89,503959.553,-1576423.424,2130706.826,-1728053.246,0.002,25.088,0.0,0.0,0.0,-23.04,98.65,-243.2,135.63,0,1,122,102.49
1782883809.252903,14:30:09.252,9671,99.619,24.8,1010.26,0.639,0.661,0.073,0.0,-30.298,0.038,-1.119,0.052,-20.479,2.057,450.56,-240.55,3.94,0,127,2,0.0
1782883809.252918,14:30:09.252,9672,100.281,0.0,0.74,0.018,2525.606,3472.289,336178.689,-20.48,-24.055,0.394,32.512,0.002,-26.88,0.02,189.44,0.0,0,0,0,0.0
1782883809.252929,14:30:09.252,9673,134.857,0.38,34722.89,503950.337,-1576423.424,2130706.826,-1761607.678,0.002,18.944,0.0,0.0,0.0,-23.04,98.65,-243.2,135.63,0,1,169,94.81
1782883809.252939,14:30:09.252,9674,144.675,-240.55,21307068.26,-1845493.758,922746.882,0.0,-1509949.44,9.865,-24.32,13.563,0.256,2.847,0.05,24.8,-300.46,0.01,127,2,0,-276.48
1782883809.360006,14:30:09.360,9677,99.677,24.8,1010.26,0.639,0.66,0.055,0.02,-30.298,0.038,-1.119,0.052,-17.407,3.081,450.56,-240.55,3.94,0,127,2,0.0
1782883809.360050,14:30:09.360,9678,100.338,0.0,0.55,0.0,2525.606,3472.289,369736.193,-20.48,-24.055,0.394,32.512,0.002,-27.392,0.02,140.8,0.0,0,0,0,0.0
1782883809.360067,14:30:09.360,9679,134.915,0.38,34722.89,537508.097,-1576423.424,2130706.826,-1862270.974,0.002,10.496,0.0,0.0,0.0,-23.04,98.65,-243.2,135.63,0,1,165,107.62
1782883809.360082,14:30:09.360,9680,144.733,-240.55,21307068.26,-1845493.758,687865.858,0.0,-1509949.44,9.865,-24.32,13.563,0.256,2.506,0.05,24.8,-300.46,0.01,127,2,0,-281.6
1782883809.360418,14:30:09.360,9683,99.738,24.8,1010.26,0.639,0.659,0.041,0.0,-30.298,0.038,-1.119,0.052,-14.335,2.569,450.56,-240.55,3.94,0,127,2,0.0
1782883809.360434,14:30:09.360,9684,100.397,0.0,0.41,0.0,2525.606,3472.289,336185.089,-20.48,-23.799,0.394,11.52,0.002,31.488,0.02,-325.12,-0.02,255,0,0,0.0
1782883809.360446,14:30:09.360,9685,134.976,0.38,370267.21,504084.481,-1559646.208,754975.114,1996488.706,0.002,-32.512,-0.002,0.255,0.0,-23.04,98.65,-243.2,135.63,2,1,238,99.94
1782883809.467332,14:30:09.467,9688,99.788,24.8,1010.27,0.557,0.623,-0.383,0.0,-30.298,0.038,-1.119,0.564,1.281,2.059,450.56,-237.99,3.94,0,45,2,0.0
1782883809.467370,14:30:09.467,9689,100.411,0.0,42949669.13,0.0,2525.606,37026.721,336217.601,-20.48,-24.055,0.394,32.512,0.002,29.952,0.02,-302.08,0.0,0,0,0,0.0
1782883809.467385,14:30:09.467,9690,135.026,0.38,34722.89,503921.665,-1576423.424,2130706.826,1996488.706,0.002,-30.208,0.0,0.0,0.0,-23.04,98.65,-243.2,135.63,0,1,235,99.93
1782883809.467399,14:30:09.467,9691,144.844,-240.55,21307068.26,2013265.922,-1979711.486,-218103.808,-1493172.225,9.865,-24.32,13.563,0.256,2.535,0.05,24.8,-300.46,0.01,127,2,0,309.76
1782883809.467721,14:30:09.467,9694,99.85,24.8,1010.26,0.639,0.635,0.138,0.005,-30.298,0.038,-1.119,0.052,-8.703,2.569,450.56,-237.99,3.94,0,45,2,0.0
1782883809.467736,14:30:09.467,9695,100.467,0.0,42949670.16,-0.017,2525.606,3472.289,302757.889,-20.48,-23.799,0.394,11.52,0.002,26.112,0.02,-61.44,-0.02,255,0,0,0.0
1782883809.467747,14:30:09.467,9696,135.088,0.38,34722.89,453700.865,-1559646.208,754975.114,1677721.602,0.002,-6.144,-0.002,-5.633,-0.001,-22.785,98.65,-243.2,135.63,0,1,245,99.94
1782883809.575393,14:30:09.575,9699,99.9,24.8,1010.27,0.557,0.605,-0.281,0.0,-30.298,0.038,-1.119,0.052,2.049,2.315,450.56,-237.99,3.94,0,45,2,0.0
1782883809.575433,14:30:09.575,9700,100.494,0.0,42949670.86,-0.013,2525.606,3472.289,319535.105,-20.48,-23.799,0.394,11.52,0.002,20.48,0.02,115.2,-0.01,255,253,255,-0.01
1782883809.575447,14:30:09.575,9701,135.138,0.38,34722.89,470486.529,-1559646.208,754975.114,1308622.85,0.002,11.776,-0.001,5.631,0.0,-23.04,98.65,-243.2,135.63,0,1,19,99.95
1782883809.575459,14:30:09.575,9702,144.956,-237.99,7549751.14,1275068.418,771751.938,486539.263,-1509949.44,9.865,-24.32,13.563,0.256,2.842,0.049,24.8,-300.45,0.01,45,2,0,189.44
1782883809.575748,14:30:09.575,9705,99.958,24.8,1010.27,0.557,0.579,-0.158,0.0,-30.298,0.038,-1.119,0.052,-18.431,2.827,450.56,-237.99,3.94,0,45,2,0.0
1782883809.575761,14:30:09.575,9706,100.535,0.0,42949671.38,-0.017,2525.606,3472.289,319496.449,-20.48,-23.799,0.394,11.52,0.002,16.128,0.02,250.88,-0.01,255,218,255,-0.01
1782883809.575772,14:30:09.575,9707,135.196,0.38,34722.89,470492.417,-1559646.208,754975.114,1056964.61,0.002,25.088,-0.001,-9.473,-0.001,-22.785,98.65,-243.2,135.63,0,1,214,102.5
1782883809.575783,14:30:09.575,9708,145.014,-237.99,7549751.14,1006632.962,1644167.17,-201326.593,-1493172.225,9.865,-24.32,13.563,0.256,2.919,0.05,24.8,-300.46,0.01,127,2,0,197.12
1782883809.682171,14:30:09.682,9711,100.018,24.8,1010.26,0.639,0.592,0.303,0.009,-30.298,0.038,-1.119,0.308,3.585,2.314,450.56,-240.55,3.94,0,127,2,0.0
1782883809.682389,14:30:09.682,9712,100.612,0.0,3.03,0.007,2525.606,20249.505,336200.961,-20.48,-24.055,0.394,32.512,0.002,22.016,0.02,122.88,0.01,0,15,0,0.0
1782883809.682406,14:30:09.682,9713,135.256,0.38,202495.05,503970.561,-1576423.424,2130706.826,1493172.226,0.002,12.288,0.001,1.792,0.0,-23.04,98.65,-243.2,135.63,1,1,242,102.49
1782883809.682419,14:30:09.682,9714,145.33,-240.55,21307068.26,1660944.386,-469762.046,-218103.808,-1493172.225,9.865,-24.32,13.563,0.257,2.17,0.05,24.81,-300.46,0.01,127,2,0,258.56
1782883809.682599,14:30:09.682,9717,100.077,24.81,1010.26,0.639,0.615,0.227,-0.025,-30.298,0.038,-1.119,0.308,-4.607,2.825,453.12,-240.55,3.94,0,127,2,0.0
1782883809.682611,14:30:09.682,9718,100.694,0.0,2.27,-0.017,2525.606,20249.505,352970.241,-20.224,-24.055,0.394,32.512,0.002,27.648,0.02,-74.24,0.0,0,17,0,0.0
1782883809.682620,14:30:09.682,9719,135.315,0.38,202495.05,520740.865,-1576423.168,2130706.826,1895825.41,0.002,-22.016,0.0,1.28,0.0,-23.04,98.65,-243.2,135.63,1,1,36,105.05
1782883809.682630,14:30:09.682,9720,145.389,-240.55,21307068.26,1929379.842,-1442840.574,218103.808,-1509949.44,9.865,-24.32,13.563,0.257,2.534,0.05,24.81,-300.46,0.01,127,2,0,299.52
1782883809.789908,14:30:09.789,9723,100.138,24.81,1010.26,0.639,0.63,0.17,-0.023,-30.298,0.038,-1.119,0.308,-9.215,2.313,453.12,-240.55,3.94,0,127,2,0.0
1782883809.789950,14:30:09.789,9724,100.77,0.0,1.7,-0.046,2525.606,20249.505,319411.969,-20.224,-24.055,0.394,32.512,0.002,31.488,0.02,325.12,0.0,0,222,255,-0.01
1782883809.789968,14:30:09.789,9725,135.376,0.38,202495.05,487168.513,-1576423.168,2130706.826,2080374.786,0.002,32.512,0.0,-14.848,-0.001,-22.785,98.65,-243.2,135.63,1,1,224,99.93
1782883809.790320,14:30:09.790,9728,100.187,24.81,1010.26,0.639,0.639,0.126,-0.013,-30.298,0.038,-1.119,0.308,-9.983,2.569,453.12,-240.55,3.94,0,127,2,0.0
1782883809.790337,14:30:09.790,9729,100.827,0.0,1.26,-0.003,2525.606,20249.505,336188.673,-20.224,-24.055,0.394,32.512,0.002,-32.512,0.02,243.2,0.0,0,253,255,-0.01
1782883809.790392,14:30:09.790,9730,135.425,0.38,34722.89,503965.441,-1576423.168,2130706.826,-2113929.214,0.002,24.064,0.0,-8.704,-0.001,-22.785,98.65,-243.2,135.63,0,1,224,102.49
1782883809.790408,14:30:09.790,9731,145.499,-240.55,21307068.26,-2097151.998,1577058.306,-419430.4,-1493172.225,9.865,-24.32,13.563,0.256,2.525,0.05,24.81,-300.46,0.01,127,2,0,-320.0
1782883809.898158,14:30:09.898,9734,100.247,24.81,1010.26,0.639,0.644,0.094,-0.015,-30.298,0.038,-1.119,0.052,-10.239,2.569,453.12,-240.55,3.94,0,127,2,0.0
1782883809.898199,14:30:09.898,9735,100.891,0.0,0.7,-0.025,2525.606,3472.289,336205.825,-20.224,-24.055,0.394,32.512,0.002,-31.488,0.02,179.2,0.0,0,243,255,-0.01
1782883809.898214,14:30:09.898,9736,135.485,0.38,34722.89,503964.161,-1576423.168,2130706.826,-2046820.35,0.002,17.92,0.0,1.792,0.0,-23.04,98.65,-243.2,135.63,0,1,224,102.49
1782883810.005083,14:30:10.005,9739,100.297,24.81,1010.26,0.639,0.647,0.07,-0.013,-30.298,0.038,-1.119,0.052,-9.215,2.569,453.12,-240.55,3.94,0,127,2,0.0
1782883810.005116,14:30:10.005,9740,100.943,0.0,0.52,-0.032,2525.606,3472.289,336212.993,-20.224,-24.055,0.394,32.512,0.002,-31.232,0.02,133.12,0.0,0,220,255,-0.01
1782883810.005128,14:30:10.005,9741,135.535,0.38,34722.89,503965.441,-1576423.168,2130706.826,-2030043.134,0.002,13.312,0.0,-3.328,-0.001,-22.785,98.65,-243.2,135.63,0,1,229,102.49
1782883810.005139,14:30:10.005,9742,145.609,-240.55,21307068.26,-2030043.134,855638.018,-285212.672,-1493172.225,9.865,-24.32,13.563,0.256,2.532,0.05,24.81,-300.46,0.01,127,2,0,-307.2
1782883810.005388,14:30:10.005,9745,100.357,24.81,1010.26,0.639,0.647,0.038,-0.023,-30.298,0.038,-1.119,0.052,17.153,2.57,453.12,-240.55,3.94,0,127,2,0.0
1782883810.005400,14:30:10.005,9746,101.004,0.0,0.38,0.017,2525.606,3472.289,336194.561,-20.224,-24.055,0.394,32.512,0.002,-30.976,0.02,97.28,0.0,0,243,255,-0.01
1782883810.005409,14:30:10.005,9747,135.595,0.38,34722.89,503966.465,-1576423.168,2130706.826,-2013265.918,0.002,9.728,0.0,4.864,0.0,-23.04,98.65,-243.2,135.63,0,1,234,102.49
1782883810.005573,14:30:10.005,9750,100.407,24.81,1010.26,0.639,0.647,0.029,-0.013,-30.298,0.038,-1.119,0.052,18.945,2.57,453.12,-240.55,3.94,0,127,2,0.0
1782883810.005583,14:30:10.005,9751,101.054,0.0,0.28,-0.015,2525.606,3472.289,336195.841,-20.224,-24.055,0.394,32.512,0.002,-30.976,0.02,74.24,0.0,0,7,0,0.0
1782883810.005593,14:30:10.005,9752,135.645,0.38,34722.89,503967.745,-1576423.168,2130706.826,-2013265.918,0.002,7.168,0.0,-0.768,-0.001,-22.785,98.65,-243.2,135.63,0,1,239,102.49
1782883810.005602,14:30:10.005,9753,145.719,-240.55,21307068.26,-2013265.918,469762.05,-419430.4,-1493172.225,9.865,-24.32,13.563,0.256,2.542,0.05,24.81,-300.46,0.01,127,2,0,-312.32
1782883810.112971,14:30:10.112,9756,100.467,24.81,1010.26,0.639,0.647,0.021,0.038,-30.298,0.038,-1.119,0.052,-2.559,2.569,453.12,-240.55,3.94,0,127,2,0.0
1782883810.113014,14:30:10.113,9757,101.114,0.0,0.22,0.007,2525.606,3472.289,336196.865,-20.224,-24.055,0.394,32.512,0.002,-30.976,0.02,53.76,0.0,0,224,255,-0.01
1782883810.113032,14:30:10.113,9758,135.705,0.38,34722.89,503968.769,-1576423.168,2130706.826,-2030043.134,0.002,5.376,0.0,-6.912,-0.001,-22.785,98.65,-243.2,135.63,0,1,244,102.49
1782883810.113356,14:30:10.113,9761,100.517,24.81,1010.26,0.639,0.646,0.015,-0.015,-30.298,0.038,-1.119,0.052,-1.279,2.569,453.12,-240.55,3.94,0,127,2,0.0
1782883810.113374,14:30:10.113,9762,101.163,0.0,0.16,0.048,2525.606,3472.289,336198.145,-20.224,-24.055,0.394,32.512,0.002,-31.232,0.02,40.96,0.0,0,28,0,0.0
1782883810.113387,14:30:10.113,9763,135.755,0.38,34722.89,503970.049,-1576423.168,2130706.826,-2046820.35,0.002,4.096,0.0,1.28,0.0,-23.04,98.65,-243.2,135.63,0,1,249,102.49
1782883810.220465,14:30:10.220,9766,100.567,24.81,1010.26,0.639,0.645,0.012,-0.013,-30.298,0.038,-1.119,0.052,-0.511,2.825,453.12,-240.55,3.94,0,127,2,0.0
1782883810.220506,14:30:10.220,9767,101.212,0.0,0.12,-0.021,2525.606,3472.289,336199.169,-20.224,-24.055,0.394,32.512,0.002,-31.488,0.02,28.16,0.0,0,253,255,-0.01
1782883810.220525,14:30:10.220,9768,135.805,0.38,34722.89,503971.329,-1576423.168,2130706.826,-2046820.35,0.002,2.816,0.0,-2.304,-0.001,-22.785,98.65,-243.2,135.63,0,1,254,102.49
1782883810.220774,14:30:10.220,9771,100.617,24.81,1010.26,0.639,0.645,0.009,0.028,-30.298,0.038,-1.119,0.052,0.513,2.826,453.12,-240.55,3.94,0,127,2,0.0
1782883810.220786,14:30:10.220,9772,101.262,0.0,0.09,0.03,2525.606,3472.289,352977.409,-20.224,-24.055,0.394,32.512,0.002,-31.488,0.02,23.04,0.0,0,26,0,0.0
1782883810.220795,14:30:10.220,9773,135.855,0.38,34722.89,520749.313,-1576423.168,2130706.826,-2063597.566,0.002,2.304,0.0,-0.256,-0.001,-22.785,98.65,-243.2,135.63,0,1,1,105.06
1782883810.328143,14:30:10.328,9776,100.668,24.8,1010.26,0.639,0.644,0.006,-0.011,-30.298,0.038,-1.119,0.052,1.281,2.57,450.56,-240.55,3.94,0,127,2,0.0
1782883810.328184,14:30:10.328,9777,101.312,0.0,0.06,-0.019,2525.606,3472.289,336200.961,-20.48,-24.055,0.394,32.512,0.002,-31.744,0.02,15.36,0.0,0,239,255,-0.01
1782883810.328200,14:30:10.328,9778,135.906,0.38,34722.89,503973.121,-1576423.424,2130706.826,-2080374.782,0.002,1.536,0.0,0.768,0.0,-23.04,98.65,-243.2,135.63,0,1,5,102.5
1782883810.328478,14:30:10.328,9781,100.718,24.8,1010.26,0.639,0.643,0.004,-0.005,-30.298,0.038,-1.119,0.052,2.049,2.57,450.56,-240.55,3.94,0,127,2,0.0
1782883810.328495,14:30:10.328,9782,101.361,0.0,0.04,0.02,2525.606,3472.289,336201.729,-20.48,-24.055,0.394,32.512,0.002,-32.0,0.02,12.8,0.0,0,40,0,0.0
1782883810.328507,14:30:10.328,9783,135.956,0.38,34722.89,503973.889,-1576423.424,2130706.826,-2097151.998,0.002,1.28,0.0,-0.768,-0.001,-22.785,98.65,-243.2,135.63,0,1,8,102.5
1782883810.435954,14:30:10.435,9786,100.768,24.8,1010.25,0.727,0.669,0.44,-0.033,-30.298,0.038,-1.119,0.308,-7.679,2.568,450.56,-243.11,3.94,0,215,2,0.0
1782883810.435993,14:30:10.435,9787,101.441,0.0,4.4,-0.005,2525.606,20249.505,336122.881,-20.48,-24.311,0.394,-10.496,0.002,-23.04,0.02,-186.88,0.01,0,233,255,-0.01
1782883810.436010,14:30:10.436,9788,136.006,0.38,202495.05,503891.969,-1593200.64,-687865.462,-1442840.574,0.002,-18.688,0.001,-3.84,-0.001,-22.785,98.65,-243.2,135.63,1,1,186,102.48
1782883810.436291,14:30:10.436,9791,100.818,24.8,1010.25,0.727,0.698,0.329,-0.001,-30.298,0.038,-1.119,0.308,-15.615,2.568,450.56,-243.11,3.94,0,215,2,0.0
1782883810.436307,14:30:10.436,9792,101.519,0.0,3.29,-0.011,2525.606,20249.505,336115.713,-20.48,-24.311,0.394,-10.496,0.002,-16.384,0.02,186.88,0.01,0,0,0,0.0
1782883810.436319,14:30:10.436,9793,136.056,0.38,202495.05,503885.569,-1593200.64,-687865.462,-1006632.958,0.002,18.688,0.001,-3.84,-0.001,-22.785,98.65,-243.2,135.63,1,1,165,102.48
1782883810.543196,14:30:10.543,9796,100.868,24.81,1010.25,0.727,0.716,0.246,-0.028,-30.298,0.038,-1.119,0.308,-19.455,2.568,453.12,-243.11,3.94,0,215,2,0.0
1782883810.543235,14:30:10.543,9797,101.587,0.0,2.46,-0.005,2525.606,20249.505,336112.641,-20.224,-24.311,0.394,-10.496,0.002,-12.032,0.02,-25.6,0.0,0,0,0,0.0
1782883810.543247,14:30:10.543,9798,136.106,0.38,202495.05,554214.657,-1576423.168,2130706.826,-1124073.47,0.002,-2.816,-0.002,10.495,0.0,-23.04,98.65,-243.2,135.63,0,1,184,102.51
1782883810.543564,14:30:10.543,9801,100.918,24.81,1010.26,0.639,0.697,-0.267,0.0,-30.298,0.038,-1.119,0.052,-4.351,2.825,453.12,-240.55,3.94,0,127,2,0.0
1782883810.543577,14:30:10.543,9802,101.612,0.0,42949670.29,0.0,2525.606,3472.289,336197.633,-20.224,-24.055,0.394,32.512,0.002,-19.456,0.02,-28.16,-0.02,255,253,255,-0.01
1782883810.543588,14:30:10.543,9803,136.156,0.38,34722.89,503971.585,-1576423.168,2130706.826,-1325400.062,0.002,-2.816,-0.002,0.255,0.0,-23.04,98.65,-243.2,135.63,0,1,8,102.5
1782883810.651010,14:30:10.651,9806,100.966,24.81,1010.25,0.727,0.699,0.22,0.0,-30.298,0.038,-1.119,0.052,25.601,3.081,453.12,-243.11,3.94,0,215,2,0.0
1782883810.651051,14:30:10.651,9807,101.669,0.0,2.2,0.0,2525.606,3472.289,352887.553,-20.224,-24.311,0.394,-10.496,0.002,-16.128,0.02,-92.16,0.0,0,0,0,0.0
1782883810.651067,14:30:10.651,9808,136.204,0.38,34722.89,503898.881,-1593200.384,-687865.462,-1056964.606,0.002,-9.216,0.0,0.0,0.0,-23.04,98.65,-243.2,135.63,0,1,81,107.61
1782883810.651400,14:30:10.651,9811,101.016,24.81,1010.26,0.639,0.686,-0.289,0.0,-30.298,0.038,-1.119,0.052,-29.951,3.081,453.12,-240.55,3.94,0,127,2,0.0
1782883810.651461,14:30:10.651,9812,101.696,0.0,42949670.07,0.0,2525.606,3472.289,369788.929,-20.224,-24.055,0.394,32.512,0.002,-23.296,0.02,-84.48,-0.02,255,0,0,0.0
1782883810.651475,14:30:10.651,9813,136.254,0.38,34722.89,537539.585,-1576423.168,2130706.826,-1577058.302,0.002,-8.448,-0.002,0.255,0.0,-23.04,98.65,-243.2,135.63,0,1,62,102.5
1782883810.651488,14:30:10.651,9814,146.328,-240.55,21307068.26,-1694498.814,654311.426,16777.215,-1509949.44,9.865,-24.32,13.563,0.256,2.949,0.052,24.81,-300.46,0.01,127,2,0,-268.8
1782883810.758727,14:30:10.758,9817,101.078,24.81,1010.26,0.639,0.661,-0.217,0.0,-30.298,0.038,-1.119,0.052,16.897,2.57,453.12,-240.55,3.94,0,127,2,0.0
1782883810.758970,14:30:10.758,9818,101.737,0.0,42949670.79,-0.007,2525.606,3472.289,302663.937,-20.224,-24.055,0.394,32.512,0.002,-27.904,0.02,99.84,-0.01,255,249,255,-0.01
1782883810.758991,14:30:10.758,9819,136.316,0.38,34722.89,503962.625,-1593200.64,-687865.462,-1509949.438,0.002,9.216,0.001,0.0,0.0,-23.04,98.65,-243.2,135.63,0,1,133,102.46
1782883810.759006,14:30:10.759,9820,146.134,-243.11,36071018.34,-1459617.79,603979.778,0.001,-1509949.44,9.865,-24.32,13.563,0.256,2.311,0.048,24.8,-300.47,0.01,215,2,0,-222.72
1782883810.759223,14:30:10.759,9823,101.138,24.8,1010.25,0.727,0.687,0.291,-0.042,-30.298,0.038,-1.119,0.052,-27.135,2.568,450.56,-243.11,3.94,0,215,2,0.0
1782883810.759235,14:30:10.759,9824,101.828,0.0,2.91,0.0,2525.606,3472.289,336129.281,-20.48,-24.055,0.394,32.512,0.002,-23.04,0.02,138.24,-0.01,255,0,0,0.0
1782883810.759245,14:30:10.759,9825,136.376,0.38,34722.89,504084.481,-1576423.424,2130706.826,-1543503.87,0.002,13.824,-0.001,0.255,0.0,-23.04,98.65,-243.2,135.63,0,1,14,97.38
1782883810.759255,14:30:10.759,9826,146.194,-240.55,21307068.26,-1543503.87,905969.666,16777.215,-1509949.44,9.865,-24.32,13.563,0.256,2.473,0.05,24.8,-300.46,0.01,127,2,0,-245.76
1782883810.866645,14:30:10.866,9829,101.196,24.8,1010.26,0.639,0.672,-0.203,-0.024,-30.298,0.038,-1.119,0.052,-19.199,3.081,450.56,-240.55,3.94,0,127,2,0.0
1782883810.866688,14:30:10.866,9830,101.858,0.0,42949671.44,0.0,2525.606,3472.289,369842.177,-20.48,-24.055,0.394,32.512,0.002,-27.392,0.02,266.24,-0.01,255,0,0,0.0
1782883810.866704,14:30:10.866,9831,136.434,0.38,34722.89,554312.193,-1576423.424,2130706.826,-1828716.542,0.002,26.624,-0.001,0.255,0.0,-23.04,98.65,-243.2,135.63,0,1,39,105.06
1782883810.866718,14:30:10.866,9832,146.252,-240.55,21307068.26,-1845493.758,1744830.466,-234881.025,-1493172.225,9.865,-24.32,13.563,0.256,2.603,0.052,24.8,-300.46,0.01,127,2,0,-286.72
1782883810.867028,14:30:10.867,9835,101.259,24.8,1010.26,0.639,0.652,-0.114,0.0,-30.298,0.038,-1.119,0.052,-12.287,2.57,450.56,-240.55,3.94,0,127,2,0.0
1782883810.867043,14:30:10.867,9836,101.909,0.0,42949671.82,0.0,2525.606,3472.289,336211.457,-20.48,-24.055,0.394,32.512,0.002,-30.464,0.02,-291.84,-0.01,255,0,0,0.0
1782883810.867055,14:30:10.867,9837,136.497,0.38,34722.89,470429.953,-1576423.424,2130706.826,-2013265.918,0.002,-29.184,-0.001,2.047,0.0,-23.04,98.65,-243.2,135.63,0,1,52,102.5
1782883810.974468,14:30:10.974,9840,101.309,24.8,1010.26,0.639,0.645,-0.086,0.0,-30.298,0.038,-1.119,0.052,32.001,2.57,450.56,-240.55,3.94,0,127,2,0.0
1782883810.974508,14:30:10.974,9841,101.953,0.0,42949672.1,0.0,2525.606,3472.289,336212.993,-20.48,-24.055,0.394,32.512,0.002,-32.0,0.02,-220.16,-0.01,255,0,0,0.0
1782883810.974526,14:30:10.974,9842,136.547,0.38,34722.89,470431.233,-1576423.424,2130706.826,-2113929.214,0.002,-22.016,-0.001,-5.633,-0.001,-22.785,98.65,-243.2,135.63,0,1,56,102.5
1782883810.974839,14:30:10.974,9845,101.359,24.8,1010.26,0.639,0.64,-0.064,0.0,-30.298,0.038,-1.119,0.052,17.921,2.57,450.56,-240.55,3.94,0,127,2,0.0
1782883810.974856,14:30:10.974,9846,101.998,0.0,42949672.32,0.0,2525.606,3472.289,336213.505,-20.48,-24.055,0.394,32.512,0.002,32.512,0.02,-163.84,-0.01,255,0,0,0.0
1782883810.974870,14:30:10.974,9847,136.597,0.38,34722.89,470431.745,-1576423.424,2130706.826,2113929.218,0.002,-16.384,-0.001,-3.585,-0.001,-22.785,98.65,-243.2,135.63,0,1,57,94.82
1782883810.974883,14:30:10.974,9848,146.415,-240.55,21307068.26,2113929.218,-1073741.822,-234881.025,-1493172.225,9.865,-24.32,13.563,0.256,2.585,0.049,24.8,-300.46,0.01,127,2,0,320.0
1782883811.082175,14:30:11.082,9851,101.418,24.8,1010.26,0.639,0.637,-0.048,0.0,-30.298,0.038,-1.119,0.052,13.569,2.57,450.56,-240.55,3.94,0,127,2,0.0
1782883811.082214,14:30:11.082,9852,102.055,0.0,42949672.48,0.0,2525.606,3472.289,319436.545,-20.48,-24.055,0.394,32.512,0.002,31.744,0.02,-122.88,-0.01,255,241,255,-0.01
1782883811.082228,14:30:11.082,9853,136.656,0.38,34722.89,503986.177,-1576423.424,2130706.826,2080374.786,0.002,-12.288,-0.001,0.255,0.0,-23.04,98.65,-243.2,135.63,0,1,58,102.5
1782883811.082241,14:30:11.082,9854,146.474,-240.55,21307068.26,2080374.786,-603979.774,16777.215,-1509949.44,9.865,-24.32,13.563,0.256,2.572,0.05,24.8,-300.46,0.01,127,2,0,317.44
1782883811.082550,14:30:11.082,9857,101.476,24.8,1010.26,0.639,0.636,-0.036,0.0,-30.298,0.038,-1.119,0.052,8.449,2.826,450.56,-240.55,3.94,0,127,2,0.0
1782883811.082568,14:30:11.082,9858,102.111,0.0,42949672.6,-0.005,2525.606,3472.289,369771.009,-20.48,-24.055,0.394,32.512,0.002,31.488,0.02,-92.16,-0.01,255,0,0,0.0
1782883811.082581,14:30:11.082,9859,136.714,0.38,34722.89,571094.785,-1576423.424,2130706.826,2063597.57,0.002,-6.912,-0.001,9.983,0.0,-23.04,98.65,-243.2,135.63,0,1,8,110.18
1782883811.190238,14:30:11.190,9862,101.529,24.8,1010.26,0.639,0.635,-0.027,0.032,-30.298,0.038,-1.119,0.052,12.545,2.058,450.56,-240.55,3.94,0,127,2,0.0
1782883811.190282,14:30:11.190,9863,102.163,0.0,42949672.69,0.0,2525.606,3472.289,336212.481,-20.48,-24.055,0.394,32.512,0.002,31.232,0.02,-69.12,-0.01,255,251,255,-0.01
1782883811.190300,14:30:11.190,9864,136.767,0.38,34722.89,487207.681,-1559646.208,754975.114,1728053.25,0.002,22.784,-0.002,0.255,0.0,-23.04,98.65,-243.2,135.63,2,1,184,99.95
1782883811.190315,14:30:11.190,9865,146.585,-237.99,7549751.14,1660944.386,1493172.226,16777.214,-1509949.44,9.865,-24.32,13.563,0.258,2.879,0.049,24.8,-300.45,0.01,45,2,0,243.2
1782883811.190648,14:30:11.190,9868,101.587,24.8,1010.27,0.557,0.603,-0.422,0.015,-30.298,0.038,-1.119,0.564,22.017,3.083,450.56,-237.99,3.94,0,45,2,0.0
1782883811.190665,14:30:11.190,9869,102.185,0.0,42949668.74,0.015,2525.606,37026.721,353068.545,-20.48,-24.055,0.394,32.512,0.002,24.32,0.02,245.76,0.0,0,0,0,0.0
1782883811.190677,14:30:11.190,9870,136.825,0.38,34722.89,537426.689,-1576423.424,2130706.826,1610612.738,0.002,24.576,0.0,-3.328,-0.001,-22.785,98.65,-243.2,135.63,0,1,68,107.62
1782883811.298089,14:30:11.298,9873,101.637,24.8,1010.26,0.639,0.61,0.096,-0.003,-30.298,0.038,-1.119,0.052,16.129,2.314,450.56,-240.55,3.94,0,127,2,0.0
1782883811.298127,14:30:11.298,9874,102.247,0.0,0.96,-0.003,2525.606,3472.289,369782.529,-20.48,-24.055,0.394,32.512,0.002,26.88,0.02,184.32,0.0,0,249,255,-0.01
1782883811.298141,14:30:11.298,9875,136.875,0.38,34722.89,520694.785,-1576423.424,2130706.826,1778384.898,0.002,18.432,0.0,1.792,0.0,-23.04,98.65,-243.2,135.63,0,1,50,105.06
1782883811.298153,14:30:11.298,9876,146.693,-240.55,21307068.26,1795162.114,1207959.554,-117440.512,-1493172.225,9.865,-24.32,13.563,0.256,2.608,0.05,24.8,-300.46,0.01,127,2,0,273.92
1782883811.298497,14:30:11.298,9879,101.698,24.8,1010.26,0.639,0.62,0.072,0.009,-30.298,0.038,-1.119,0.052,11.265,2.57,450.56,-237.99,3.94,0,45,2,0.0
1782883811.298515,14:30:11.298,9880,102.302,0.0,42949669.5,-0.013,2525.606,37026.721,336312.321,-20.48,-23.799,0.394,11.52,0.002,22.784,0.02,-232.96,-0.02,255,219,255,-0.01
1782883811.298528,14:30:11.298,9881,136.936,0.38,370267.21,504051.457,-1559646.208,754975.114,1426063.362,0.002,-23.296,-0.002,-3.073,-0.001,-22.785,98.65,-243.2,135.63,2,1,66,99.95
1782883811.298541,14:30:11.298,9882,146.754,-237.99,7549751.14,1375731.714,-1526726.654,-402653.186,-1493172.225,9.865,-24.32,13.563,0.258,2.891,0.05,24.8,-300.45,0.01,45,2,0,199.68
1782883811.405643,14:30:11.405,9885,101.758,24.8,1010.27,0.557,0.581,-0.261,-0.007,-30.298,0.038,-1.119,0.564,-18.431,2.571,450.56,-237.99,3.94,0,45,2,0.0
1782883811.405693,14:30:11.405,9886,102.337,0.0,42949670.36,0.007,2525.606,37026.721,336285.441,-20.48,-23.799,0.394,11.52,0.002,16.384,0.02,-12.8,-0.02,255,243,255,-0.01
1782883811.405717,14:30:11.405,9887,136.996,0.38,370267.21,487282.177,-1559646.208,754975.114,1040187.394,0.002,-1.28,-0.002,-3.585,-0.001,-22.785,98.65,-243.2,135.63,2,1,94,102.51
1782883811.405764,14:30:11.405,9888,146.814,-237.99,7549751.14,989855.746,-83886.078,-201326.594,-1493172.225,9.865,-24.32,13.563,0.258,2.918,0.049,24.8,-300.45,0.01,45,2,0,138.24
1782883811.406136,14:30:11.406,9891,101.817,24.8,1010.27,0.557,0.564,-0.196,-0.03,-30.298,0.038,-1.119,0.564,22.785,2.571,450.56,-237.99,3.94,0,45,2,0.0
1782883811.406155,14:30:11.406,9892,102.379,0.0,42949671.0,0.028,2525.606,37026.721,336289.537,-20.48,-23.799,0.394,11.52,0.002,12.288,0.02,153.6,-0.01,255,46,0,0.0
1782883811.406169,14:30:11.406,9893,137.055,0.38,370267.21,504063.233,-1559646.208,754975.114,771751.938,0.002,15.36,-0.001,-4.609,-0.001,-22.785,98.65,-243.2,135.63,2,1,107,102.51
1782883811.406182,14:30:11.406,9894,146.873,-240.55,21307068.26,1090519.042,150994.946,-419430.399,-1493172.225,9.865,-24.32,13.563,0.256,1.825,0.05,24.8,-300.46,0.01,127,2,0,174.08
1782883811.513673,14:30:11.513,9897,101.877,24.8,1010.26,0.639,0.583,0.265,-0.019,-30.298,0.038,-1.119,0.052,15.361,2.57,450.56,-240.55,3.94,0,127,2,0.0
1782883811.513715,14:30:11.513,9898,102.462,0.0,2.65,-0.025,2525.606,3472.289,336212.993,-20.48,-24.055,0.394,32.512,0.002,19.456,0.02,23.04,0.01,0,253,255,-0.01
1782883811.513732,14:30:11.513,9899,137.115,0.38,34722.89,503983.105,-1576423.424,2130706.826,1476395.01,0.002,-14.592,0.0,1.28,0.0,-23.04,98.65,-243.2,135.63,0,1,39,102.48
1782883811.620622,14:30:11.620,9902,101.927,24.8,1010.26,0.639,0.604,0.199,-0.003,-30.298,0.038,-1.119,0.052,7.425,2.57,450.56,-240.55,3.94,0,127,2,0.0
1782883811.620658,14:30:11.620,9903,102.533,0.0,1.99,-0.001,2525.606,3472.289,336205.313,-20.48,-24.055,0.394,32.512,0.002,24.576,0.02,-148.48,0.0,0,243,255,-0.01
1782883811.620670,14:30:11.620,9904,137.165,0.38,34722.89,503976.193,-1576423.424,2130706.826,1744830.466,0.002,-27.648,0.0,-8.448,-0.001,-22.785,98.65,-243.2,135.63,0,1,218,102.48
1782883811.620681,14:30:11.620,9905,146.983,-240.55,21307068.26,1761607.682,-1811939.326,-352321.536,-1493172.225,9.865,-24.32,13.563,0.256,2.574,0.05,24.8,-300.46,0.01,127,2,0,273.92
1782883811.620976,14:30:11.620,9908,101.987,24.8,1010.26,0.639,0.62,0.148,-0.005,-30.298,0.038,-1.119,0.052,1.281,2.57,450.56,-240.55,3.94,0,127,2,0.0
1782883811.620988,14:30:11.620,9909,102.609,0.0,1.48,-0.032,2525.606,3472.289,336199.937,-20.48,-24.055,0.394,32.512,0.002,29.184,0.02,284.16,0.0,0,19,0,0.0
1782883811.620996,14:30:11.620,9910,137.225,0.38,34722.89,503928.065,-1576423.424,2130706.826,1929379.842,0.002,28.416,0.0,-5.888,-0.001,-22.785,98.65,-243.2,135.63,0,1,2,102.5
1782883811.726676,14:30:11.726,9913,102.037,24.8,1010.26,0.639,0.63,0.111,-0.017,-30.298,0.038,-1.119,0.052,-1.023,2.569,450.56,-240.55,3.94,0,127,2,0.0
1782883811.726716,14:30:11.726,9914,102.668,0.0,1.11,-0.013,2525.606,3472.289,336197.633,-20.48,-24.055,0.394,32.512,0.002,30.976,0.02,209.92,0.0,0,212,255,-0.01
1782883811.726733,14:30:11.726,9915,137.275,0.38,34722.89,503949.569,-1576423.424,2130706.826,2046820.354,0.002,20.992,0.0,-4.352,-0.001,-22.785,98.65,-243.2,135.63,0,1,252,102.49
1782883811.726747,14:30:11.726,9916,147.093,-240.55,21307068.26,2063597.57,1375731.714,117440.512,-1509949.44,9.865,-24.32,13.563,0.256,2.554,0.05,24.8,-300.46,0.01,127,2,0,317.44
1782883811.727071,14:30:11.727,9919,102.097,24.8,1010.26,0.639,0.637,0.082,-0.021,-30.298,0.038,-1.119,0.052,-2.815,2.569,450.56,-240.55,3.94,0,127,2,0.0
1782883811.727086,14:30:11.727,9920,102.735,0.0,0.62,0.009,2525.606,3472.289,336191.745,-20.48,-24.055,0.394,32.512,0.002,32.256,0.02,158.72,0.0,0,247,255,-0.01
1782883811.727098,14:30:11.727,9921,137.335,0.38,34722.89,503970.305,-1576423.424,2130706.826,2130706.434,0.002,15.872,0.0,-0.768,-0.001,-22.785,98.65,-243.2,135.63,0,1,248,102.49
1782883811.834422,14:30:11.834,9924,102.147,24.8,1010.26,0.639,0.64,0.061,-0.033,-30.298,0.038,-1.119,0.052,-2.815,2.569,450.56,-240.55,3.94,0,127,2,0.0
1782883811.834593,14:30:11.834,9925,102.788,0.0,0.46,-0.003,2525.606,3472.289,336200.961,-20.48,-24.055,0.394,32.512,0.002,-32.512,0.02,115.2,0.0,0,233,255,-0.01
1782883811.834613,14:30:11.834,9926,137.385,0.38,34722.89,503970.305,-1576423.424,2130706.826,-2130706.43,0.002,11.52,0.0,0.768,0.0,-23.04,98.65,-243.2,135.63,0,1,249,102.49
1782883811.834803,14:30:11.834,9929,102.197,24.8,1010.26,0.639,0.642,0.045,-0.023,-30.298,0.038,-1.119,0.052,-2.559,2.569,450.56,-240.55,3.94,0,127,2,0.0
1782883811.834817,14:30:11.834,9930,102.839,0.0,0.34,-0.005,2525.606,3472.289,336206.593,-20.48,-24.055,0.394,32.512,0.002,-32.256,0.02,84.48,0.0,0,220,255,-0.01
1782883811.834829,14:30:11.834,9931,137.435,0.38,34722.89,503970.817,-1576423.424,2130706.826,-2097151.998,0.002,8.448,0.0,-8.192,-0.001,-22.785,98.65,-243.2,135.63,0,1,251,102.49
1782883811.835002,14:30:11.835,9934,102.247,24.8,1010.26,0.639,0.643,0.033,-0.017,-30.298,0.038,-1.119,0.052,-1.791,2.569,448.0,-240.55,3.94,0,127,2,0.0
1782883811.835015,14:30:11.835,9935,102.89,0.0,0.25,0.028,2525.606,3472.289,336209.921,-20.736,-24.055,0.394,32.512,0.002,-32.0,0.02,64.0,0.0,0,241,255,-0.01
1782883811.835027,14:30:11.835,9936,137.485,0.38,34722.89,503971.329,-1576423.68,2130706.826,-2097151.998,0.002,6.4,0.0,-3.84,-0.001,-22.785,98.65,-243.2,135.63,0,1,254,105.05
1782883811.942079,14:30:11.942,9939,102.297,24.79,1010.26,0.639,0.644,0.024,-0.036,-30.298,0.038,-1.119,0.052,-1.023,2.825,448.0,-240.55,3.94,0,127,2,0.0
1782883811.942123,14:30:11.942,9940,102.94,0.0,0.18,-0.025,2525.606,3472.289,352988.929,-20.736,-24.055,0.394,32.512,0.002,-32.0,0.02,46.08,0.0,0,245,255,-0.01
1782883811.942141,14:30:11.942,9941,137.535,0.38,34722.89,520749.313,-1576423.68,2130706.826,-2097151.998,0.002,4.352,0.0,-3.84,-0.001,-22.785,98.65,-243.2,135.63,0,1,1,105.06
1782883811.942482,14:30:11.942,9944,102.348,24.79,1010.26,0.639,0.644,0.017,-0.003,-30.298,0.038,-1.119,0.052,0.001,2.57,448.0,-240.55,3.94,0,127,2,0.0
1782883811.942501,14:30:11.942,9945,102.991,0.0,0.13,-0.013,2525.606,3472.289,336212.225,-20.736,-24.055,0.394,32.512,0.002,-32.0,0.02,30.72,0.0,0,218,255,-0.01
1782883811.942514,14:30:11.942,9946,137.586,0.38,34722.89,503972.865,-1576423.68,2130706.826,-2097151.998,0.002,3.072,0.0,-6.4,-0.001,-22.785,98.65,-243.2,135.63,0,1,4,102.5
1782883812.050102,14:30:12.050,9949,102.398,24.79,1010.26,0.639,0.644,0.012,-0.025,-30.298,0.038,-1.119,0.052,1.025,2.57,448.0,-240.55,3.94,0,127,2,0.0
1782883812.050138,14:30:12.050,9950,103.041,0.0,0.09,-0.015,2525.606,3472.289,336212.225,-20.736,-24.055,0.394,32.512,0.002,-32.0,0.02,20.48,0.0,0,241,255,-0.01
1782883812.050152,14:30:12.050,9951,137.636,0.38,34722.89,503973.633,-1576423.68,2130706.826,-2097151.998,0.002,2.304,0.0,1.792,0.0,-23.04,98.65,-243.2,135.63,0,1,7,102.5
1782883812.050418,14:30:12.050,9954,102.448,24.79,1010.26,0.639,0.643,0.009,-0.005,-30.298,0.038,-1.119,0.052,1.537,2.57,448.0,-240.55,3.94,0,127,2,0.0
1782883812.050432,14:30:12.050,9955,103.09,0.0,0.06,-0.013,2525.606,3472.289,336211.969,-20.736,-24.055,0.394,32.512,0.002,-32.256,0.02,15.36,0.0,0,218,255,-0.01
1782883812.050445,14:30:12.050,9956,137.686,0.38,34722.89,503974.401,-1576423.68,2130706.826,-2097151.998,0.002,1.536,0.0,-4.864,-0.001,-22.785,98.65,-243.2,135.63,0,1,10,102.5
1782883812.158091,14:30:12.158,9959,102.498,24.79,1010.26,0.639,0.643,0.005,-0.003,-30.298,0.038,-1.119,0.052,2.305,2.57,448.0,-240.55,3.94,0,127,2,0.0
1782883812.158136,14:30:12.158,9960,103.14,0.0,0.04,-0.005,2525.606,3472.289,336211.457,-20.736,-24.055,0.394,32.512,0.002,-32.256,0.02,10.24,0.0,0,243,255,-0.01
1782883812.158153,14:30:12.158,9961,137.736,0.38,34722.89,503974.913,-1576423.68,2130706.826,-2113929.214,0.002,0.768,0.0,-8.448,-0.001,-22.785,98.65,-243.2,135.63,0,1,12,102.5
1782883812.158484,14:30:12.158,9964,102.548,24.79,1010.26,0.639,0.642,0.003,0.0,-30.298,0.038,-1.119,0.052,3.073,2.57,448.0,-240.55,3.94,0,127,2,0.0
1782883812.158499,14:30:12.158,9965,103.19,0.0,0.02,0.0,2525.606,3472.289,336209.921,-20.736,-24.055,0.394,32.512,0.002,-32.256,0.02,5.12,0.0,0,241,255,-0.01
1782883812.158510,14:30:12.158,9966,137.786,0.38,34722.89,503975.425,-1576423.68,2130706.826,-2113929.214,0.002,0.512,0.0,0.768,0.0,-23.04,98.65,-243.2,135.63,0,1,14,105.06
1782883812.266016,14:30:12.266,9969,102.597,24.79,1010.26,0.639,0.641,0.002,0.0,-30.298,0.038,-1.119,0.052,11.521,2.826,448.0,-240.55,3.94,0,127,2,0.0
1782883812.266089,14:30:12.266,9970,103.238,0.0,0.02,0.0,2525.606,3472.289,352980.737,-20.736,-24.055,0.394,32.512,0.002,-32.512,0.02,5.12,0.0,0,0,0,0.0
1782883812.266104,14:30:12.266,9971,137.835,0.38,34722.89,520752.897,-1576423.68,2130706.826,-2130706.43,0.002,0.512,0.0,0.0,0.0,-23.04,98.65,-243.2,135.63,0,1,15,105.06
1782883812.266115,14:30:12.266,9972,147.397,-240.55,21307068.26,-2130706.43,33554.434,0.0,-1509949.44,9.865,-24.32,13.563,0.256,2.575,0.051,24.79,-300.46,0.01,127,2,0,-325.12
1782883812.266399,14:30:12.266,9975,102.658,24.79,1010.26,0.639,0.641,0.001,0.0,-30.298,0.038,-1.119,0.052,9.217,2.57,448.0,-240.55,3.94,0,127,2,0.0
1782883812.266410,14:30:12.266,9976,103.299,0.0,0.01,0.0,2525.606,3472.289,336204.033,-20.736,-24.055,0.394,32.512,0.002,-32.512,0.02,2.56,0.0,0,0,0,0.0
1782883812.266420,14:30:12.266,9977,137.896,0.38,34722.89,503976.193,-1576423.68,2130706.826,-2130706.43,0.002,0.256,0.0,0.0,0.0,-23.04,98.65,-243.2,135.63,0,1,17,102.5
1782883812.381374,14:30:12.381,9980,102.708,24.79,1010.26,0.639,0.641,0.001,0.0,-30.298,0.038,-1.119,0.052,8.705,2.57,448.0,-240.55,3.94,0,127,2,0.0
1782883812.381418,14:30:12.381,9981,103.349,0.0,0.01,0.0,2525.606,3472.289,336204.289,-20.736,-24.055,0.394,32.512,0.002,-32.512,0.02,2.56,0.0,0,0,0,0.0
1782883812.381431,14:30:12.381,9982,137.946,0.38,34722.89,503976.449,-1576423.68,2130706.826,-2130706.43,0.002,0.256,0.0,0.0,0.0,-23.04,98.65,-243.2,135.63,0,1,18,99.94
1782883812.381441,14:30:12.381,9983,147.508,-240.55,21307068.26,-2130706.43,16777.218,0.0,-1509949.44,9.865,-24.32,13.563,0.256,2.578,0.05,24.79,-300.46,0.01,127,2,0,-327.68
1782883812.381739,14:30:12.381,9986,102.768,24.79,1010.26,0.639,0.64,0.001,0.0,-30.298,0.038,-1.119,0.052,4.609,2.57,448.0,-240.55,3.94,0,127,2,0.0
1782883812.381751,14:30:12.381,9987,103.408,0.0,0.01,0.0,2525.606,3472.289,336204.289,-20.736,-24.055,0.394,32.512,0.002,-32.768,0.02,2.56,0.0,0,0,0,0.0
1782883812.381760,14:30:12.381,9988,138.006,0.38,34722.89,503976.449,-1576423.68,2130706.826,-2147483.646,0.002,0.256,0.0,1.792,0.0,-23.04,98.65,-243.2,135.63,0,1,18,97.38
1782883812.381770,14:30:12.381,9989,147.568,-240.55,21307068.26,-2147483.646,16777.218,117440.512,-1509949.44,9.865,-24.32,13.563,0.256,2.593,0.048,24.79,-300.46,0.01,127,2,0,-327.68
